location,review
Pune,Schools and shops are available nearby.
Bangalore,Very safe area with friendly people.
Pune,The neighborhood is beautiful and well maintained.
Bangalore,Public transportation can be difficult during peak hours.
Madurai,Excellent transportation facilities and good roads.
Kochi,Some parts are quiet while others are busy.
Coimbatore,The area has excellent schools and hospitals.
Chennai,Very convenient location for families.
Salem,There are many parks and recreational areas.
Tirunelveli,Very good connectivity to the city.
Madurai,Many shops and restaurants are nearby.
Salem,Very safe area with friendly people.
Pune,Public transport is easily available.
Coimbatore,The location is average for residential purposes.
Tirunelveli,The area has excellent schools and hospitals.
Coimbatore,The locality needs better infrastructure.
Pune,Public transportation can be difficult during peak hours.
Madurai,Transportation is available in most areas.
Coimbatore,Traffic congestion is a major problem.
Hyderabad,Many shops and restaurants are nearby.
Hyderabad,Excellent transportation facilities and good roads.
Tirunelveli,The locality is modern and comfortable.
Trichy,The locality needs better infrastructure.
Kochi,The area can be noisy and crowded.
Salem,The locality is developing gradually.
Coimbatore,Public transportation can be difficult during peak hours.
Tirunelveli,The neighborhood is suitable for some families.
Chennai,Good residential area with a peaceful environment.
Kochi,The neighborhood is beautiful and well maintained.
Kochi,Very safe area with friendly people.
Chennai,The neighborhood is noisy at night.
Chennai,There are frequent traffic problems.
Pune,The area can be noisy and crowded.
Pune,The location is average for residential purposes.
Chennai,Public transport is easily available.
Kochi,The area can be noisy and crowded.
Kochi,Very safe area with friendly people.
Chennai,The area has a friendly community.
Madurai,Overall facilities are average.
Pune,The area has moderate traffic.
Salem,There are frequent traffic problems.
Tirunelveli,Very safe area with friendly people.
Pune,The streets are clean and well maintained.
Trichy,The area has moderate traffic.
Pune,There are many parks and recreational areas.
Trichy,The area has moderate traffic.
Madurai,Excellent transportation facilities and good roads.
Tirunelveli,The neighborhood is suitable for some families.
Bangalore,Transportation is available in most areas.
Tirunelveli,Good residential area with a peaceful environment.
Pune,The neighborhood has both good and bad areas.
Salem,The neighborhood is not well maintained.
Trichy,Very safe area with friendly people.
Pune,There are many parks and recreational areas.
Salem,The neighborhood is clean and peaceful.
Madurai,The neighborhood is beautiful and well maintained.
Hyderabad,The neighborhood is beautiful and well maintained.
Salem,A pleasant place to live with good facilities.
Chennai,Very good connectivity to the city.
Pune,The neighborhood is clean and peaceful.
Bangalore,The neighborhood is clean and peaceful.
Chennai,Some parts are quiet while others are busy.
Pune,The neighborhood is clean and peaceful.
Chennai,Excellent transportation facilities and good roads.
Bangalore,Very convenient location for families.
Pune,Waste management needs improvement.
Kochi,The area has a friendly community.
Hyderabad,Many shops and restaurants are nearby.
Coimbatore,Waste management needs improvement.
Chennai,There are many parks and recreational areas.
Hyderabad,The neighborhood is noisy at night.
Trichy,Many shops and restaurants are nearby.
Madurai,The locality needs better infrastructure.
Madurai,Public transport is easily available.
Trichy,Schools and shops are available nearby.
Pune,The neighborhood has both good and bad areas.
Salem,Public transport is easily available.
Tirunelveli,Very good connectivity to the city.
Tirunelveli,Transportation is available in most areas.
Chennai,A pleasant place to live with good facilities.
Bangalore,The area has moderate traffic.
Salem,Very safe area with friendly people.
Madurai,Some parts are quiet while others are busy.
Kochi,Transportation is available in most areas.
Chennai,Very convenient location for families.
Kochi,The neighborhood is noisy at night.
Salem,Some roads are damaged.
Coimbatore,Excellent transportation facilities and good roads.
Coimbatore,Some roads are damaged.
Salem,Many shops and restaurants are nearby.
Chennai,Many shops and restaurants are nearby.
Kochi,The area is expensive compared with nearby locations.
Madurai,The area is very crowded during peak hours.
Madurai,The roads need improvement.
Hyderabad,Facilities are available but could be improved.
Hyderabad,The location is average for residential purposes.
Bangalore,The area can be noisy and crowded.
Chennai,The streets are clean and well maintained.
Madurai,The area is very crowded during peak hours.
Chennai,The locality is developing gradually.
Hyderabad,Good residential area with a peaceful environment.
Bangalore,The neighborhood has both good and bad areas.
Bangalore,The area can be noisy and crowded.
Chennai,The streets are clean and well maintained.
Bangalore,The neighborhood is clean and peaceful.
Madurai,Good residential area with a peaceful environment.
Tirunelveli,Overall facilities are average.
Madurai,Public transportation can be difficult during peak hours.
Coimbatore,The roads need improvement.
Pune,There are many parks and recreational areas.
Tirunelveli,The neighborhood has both good and bad areas.
Kochi,Waste management needs improvement.
Hyderabad,The streets are clean and well maintained.
Tirunelveli,Facilities are available but could be improved.
Coimbatore,Overall facilities are average.
Pune,Some roads are damaged.
Trichy,There are limited parking facilities.
Madurai,Very good connectivity to the city.
Coimbatore,Public transport is easily available.
Hyderabad,The locality is modern and comfortable.
Hyderabad,The roads need improvement.
Chennai,Very convenient location for families.
Hyderabad,Parking is difficult to find.
Chennai,The locality is developing gradually.
Pune,The streets are clean and well maintained.
Trichy,Very safe area with friendly people.
Pune,The streets are clean and well maintained.
Coimbatore,There are limited parking facilities.
Madurai,Facilities are available but could be improved.
Tirunelveli,The area has excellent schools and hospitals.
Tirunelveli,The area has moderate traffic.
Salem,The area is very crowded during peak hours.
Tirunelveli,The location is average for residential purposes.
Hyderabad,Public transportation can be difficult during peak hours.
Bangalore,Some roads are damaged.
Pune,Parking is difficult to find.
Hyderabad,The neighborhood is noisy at night.
Tirunelveli,The area has excellent schools and hospitals.
Hyderabad,A pleasant place to live with good facilities.
Bangalore,A pleasant place to live with good facilities.
Trichy,The locality is modern and comfortable.
Tirunelveli,Public transport is easily available.
Trichy,A pleasant place to live with good facilities.
Bangalore,The locality is modern and comfortable.
Hyderabad,Traffic congestion is a major problem.
Trichy,The locality is modern and comfortable.
Madurai,The area is very crowded during peak hours.
Kochi,There is too much pollution in this area.
Kochi,The location is average for residential purposes.
Chennai,Transportation is available in most areas.
Kochi,The neighborhood is noisy at night.
Chennai,Very safe area with friendly people.
Bangalore,The area is very crowded during peak hours.
Chennai,Waste management needs improvement.
Coimbatore,Excellent transportation facilities and good roads.
Madurai,The locality is modern and comfortable.
Kochi,The locality is modern and comfortable.
Tirunelveli,Very safe area with friendly people.
Salem,The locality is modern and comfortable.
Bangalore,There are many parks and recreational areas.
Kochi,Parking is difficult to find.
Salem,Parking is difficult to find.
Salem,The neighborhood is noisy at night.
Chennai,There is too much pollution in this area.
Coimbatore,The neighborhood is beautiful and well maintained.
Pune,The locality is developing gradually.
Chennai,The area is expensive compared with nearby locations.
Salem,A pleasant place to live with good facilities.
Chennai,There is too much pollution in this area.
Salem,There are many parks and recreational areas.
Madurai,Very good connectivity to the city.
Salem,The neighborhood is suitable for some families.
Pune,Transportation is available in most areas.
Madurai,The area has excellent schools and hospitals.
Bangalore,Good residential area with a peaceful environment.
Trichy,There is too much pollution in this area.
Bangalore,The neighborhood is suitable for some families.
Pune,The locality is modern and comfortable.
Tirunelveli,The area has a friendly community.
Tirunelveli,Public transport is easily available.
Coimbatore,The neighborhood is suitable for some families.
Tirunelveli,The neighborhood has both good and bad areas.
Hyderabad,The streets are clean and well maintained.
Kochi,Excellent transportation facilities and good roads.
Tirunelveli,The streets are clean and well maintained.
Bangalore,The neighborhood is beautiful and well maintained.
Chennai,The neighborhood has both good and bad areas.
Pune,Transportation is available in most areas.
Trichy,The area has a friendly community.
Madurai,Some parts are quiet while others are busy.
Pune,The locality is modern and comfortable.
Madurai,Very safe area with friendly people.
Coimbatore,The locality is modern and comfortable.
Trichy,The streets are clean and well maintained.
Salem,The neighborhood is noisy at night.
Salem,The neighborhood is clean and peaceful.
Salem,Some parts are quiet while others are busy.
Bangalore,The locality is developing gradually.
Hyderabad,The locality is developing gradually.
Trichy,There is too much pollution in this area.
Salem,The neighborhood is not well maintained.
Chennai,The locality needs better infrastructure.
Chennai,The roads need improvement.
Madurai,The neighborhood is suitable for some families.
Tirunelveli,Schools and shops are available nearby.
Hyderabad,Very good connectivity to the city.
Bangalore,Very good connectivity to the city.
Trichy,The locality is modern and comfortable.
Coimbatore,The area has excellent schools and hospitals.
Salem,There are many parks and recreational areas.
Hyderabad,Good residential area with a peaceful environment.
Chennai,The streets are clean and well maintained.
Madurai,The location is average for residential purposes.
Madurai,The locality needs better infrastructure.
Salem,The neighborhood is beautiful and well maintained.
Coimbatore,Parking is difficult to find.
Pune,Very convenient location for families.
Chennai,The area has a friendly community.
Chennai,The locality is modern and comfortable.
Salem,The neighborhood has both good and bad areas.
Chennai,Very safe area with friendly people.
Chennai,Public transport is easily available.
Hyderabad,Parking is difficult to find.
Bangalore,The locality is developing gradually.
Pune,The locality is developing gradually.
Tirunelveli,The neighborhood has both good and bad areas.
Bangalore,A pleasant place to live with good facilities.
Chennai,Transportation is available in most areas.
Chennai,Traffic congestion is a major problem.
Kochi,The locality is modern and comfortable.
Coimbatore,Very safe area with friendly people.
Coimbatore,Some parts are quiet while others are busy.
Bangalore,There are many parks and recreational areas.
Salem,The locality needs better infrastructure.
Pune,The locality is developing gradually.
Coimbatore,The area has moderate traffic.
Hyderabad,Traffic congestion is a major problem.
Hyderabad,Traffic congestion is a major problem.
Madurai,Transportation is available in most areas.
Salem,Public transportation can be difficult during peak hours.
Pune,The area is very crowded during peak hours.
Bangalore,Overall facilities are average.
Kochi,The neighborhood has both good and bad areas.
Trichy,Excellent transportation facilities and good roads.
Hyderabad,The streets are clean and well maintained.
Madurai,The area is expensive compared with nearby locations.
Pune,Waste management needs improvement.
Hyderabad,There is too much pollution in this area.
Kochi,The neighborhood is not well maintained.
Madurai,The location is average for residential purposes.
Tirunelveli,The area has excellent schools and hospitals.
Bangalore,The locality is modern and comfortable.
Hyderabad,The neighborhood is clean and peaceful.
Bangalore,The locality is modern and comfortable.
Coimbatore,The locality is modern and comfortable.
Salem,The area has a friendly community.
Salem,Public transportation can be difficult during peak hours.
Chennai,The neighborhood is clean and peaceful.
Kochi,Some roads are damaged.
Trichy,The area has a friendly community.
Kochi,The locality is modern and comfortable.
Pune,Traffic congestion is a major problem.
Tirunelveli,The neighborhood is beautiful and well maintained.
Madurai,The locality needs better infrastructure.
Pune,The locality needs better infrastructure.
Coimbatore,Very safe area with friendly people.
Madurai,Good residential area with a peaceful environment.
Pune,The locality is modern and comfortable.
Pune,Public transport is easily available.
Hyderabad,Very good connectivity to the city.
Salem,Transportation is available in most areas.
Salem,The neighborhood is noisy at night.
Salem,The area has a friendly community.
Trichy,Traffic congestion is a major problem.
Kochi,The area can be noisy and crowded.
Madurai,The area has excellent schools and hospitals.
Hyderabad,The location is average for residential purposes.
Kochi,Very convenient location for families.
Bangalore,The locality is developing gradually.
Hyderabad,Very convenient location for families.
Pune,A pleasant place to live with good facilities.
Kochi,The area has moderate traffic.
Madurai,Public transportation can be difficult during peak hours.
Bangalore,Some parts are quiet while others are busy.
Coimbatore,Waste management needs improvement.
Trichy,Very convenient location for families.
Chennai,Very convenient location for families.
Madurai,The location is average for residential purposes.
Kochi,The streets are clean and well maintained.
Bangalore,Very convenient location for families.
Trichy,The neighborhood is clean and peaceful.
Trichy,The area has a friendly community.
Chennai,The roads need improvement.
Bangalore,The locality needs better infrastructure.
Trichy,Very safe area with friendly people.
Chennai,The neighborhood is beautiful and well maintained.
Tirunelveli,There are frequent traffic problems.
Coimbatore,Excellent transportation facilities and good roads.
Trichy,The area has excellent schools and hospitals.
Salem,Schools and shops are available nearby.
Hyderabad,A pleasant place to live with good facilities.
Chennai,The location is average for residential purposes.
Bangalore,The neighborhood is not well maintained.
Coimbatore,Very safe area with friendly people.
Chennai,The roads need improvement.
Kochi,The locality is developing gradually.
Madurai,The area has excellent schools and hospitals.
Madurai,There are frequent traffic problems.
Trichy,The locality is modern and comfortable.
Salem,Public transportation can be difficult during peak hours.
Pune,The neighborhood is noisy at night.
Hyderabad,The locality needs better infrastructure.
Chennai,The neighborhood is clean and peaceful.
Pune,Parking is difficult to find.
Kochi,Public transport is easily available.
Madurai,Very safe area with friendly people.
Pune,There are frequent traffic problems.
Trichy,The neighborhood has both good and bad areas.
Trichy,Waste management needs improvement.
Trichy,The neighborhood is suitable for some families.
Chennai,Waste management needs improvement.
Pune,Many shops and restaurants are nearby.
Hyderabad,Parking is difficult to find.
Tirunelveli,Very convenient location for families.
Trichy,Many shops and restaurants are nearby.
Kochi,Public transportation can be difficult during peak hours.
Bangalore,Many shops and restaurants are nearby.
Coimbatore,Very safe area with friendly people.
Madurai,There are frequent traffic problems.
Bangalore,Overall facilities are average.
Kochi,Public transportation can be difficult during peak hours.
Pune,A pleasant place to live with good facilities.
Tirunelveli,There are limited parking facilities.
Coimbatore,The locality needs better infrastructure.
Kochi,Transportation is available in most areas.
Trichy,The locality is developing gradually.
Kochi,The area is very crowded during peak hours.
Tirunelveli,Very safe area with friendly people.
Kochi,The area has moderate traffic.
Chennai,The area has excellent schools and hospitals.
Tirunelveli,Some parts are quiet while others are busy.
Pune,Some parts are quiet while others are busy.
Pune,The area has a friendly community.
Bangalore,The area has excellent schools and hospitals.
Salem,Good residential area with a peaceful environment.
Bangalore,The neighborhood is noisy at night.
Trichy,Waste management needs improvement.
Hyderabad,Excellent transportation facilities and good roads.
Coimbatore,Facilities are available but could be improved.
Hyderabad,Public transport is easily available.
Trichy,The neighborhood is beautiful and well maintained.
Chennai,The area has a friendly community.
Hyderabad,Excellent transportation facilities and good roads.
Bangalore,The area is very crowded during peak hours.
Trichy,Many shops and restaurants are nearby.
Hyderabad,Schools and shops are available nearby.
Chennai,The streets are clean and well maintained.
Pune,The neighborhood is beautiful and well maintained.
Madurai,A pleasant place to live with good facilities.
Chennai,A pleasant place to live with good facilities.
Kochi,The area is very crowded during peak hours.
Madurai,Excellent transportation facilities and good roads.
Hyderabad,Excellent transportation facilities and good roads.
Hyderabad,Transportation is available in most areas.
Chennai,Public transport is easily available.
Pune,Overall facilities are average.
Tirunelveli,The location is average for residential purposes.
Chennai,Very good connectivity to the city.
Coimbatore,Schools and shops are available nearby.
Chennai,The neighborhood is noisy at night.
Kochi,The area has a friendly community.
Kochi,The area has a friendly community.
Bangalore,The neighborhood is clean and peaceful.
Kochi,The neighborhood is beautiful and well maintained.
Kochi,Transportation is available in most areas.
Trichy,Parking is difficult to find.
Pune,The area has moderate traffic.
Tirunelveli,Public transport is easily available.
Bangalore,The streets are clean and well maintained.
Madurai,The area can be noisy and crowded.
Coimbatore,The locality is developing gradually.
Trichy,The area has a friendly community.
Coimbatore,Public transport is easily available.
Trichy,The roads need improvement.
Salem,Very good connectivity to the city.
Madurai,Some parts are quiet while others are busy.
Kochi,A pleasant place to live with good facilities.
Kochi,The area has moderate traffic.
Chennai,The neighborhood is clean and peaceful.
Salem,Some roads are damaged.
Salem,Very convenient location for families.
Hyderabad,Transportation is available in most areas.
Tirunelveli,Some roads are damaged.
Coimbatore,There are many parks and recreational areas.
Hyderabad,The locality is developing gradually.
Tirunelveli,The roads need improvement.
Coimbatore,The neighborhood is not well maintained.
Hyderabad,The area has moderate traffic.
Bangalore,The area has excellent schools and hospitals.
Salem,There are many parks and recreational areas.
Kochi,The streets are clean and well maintained.
Salem,The locality is modern and comfortable.
Chennai,Very good connectivity to the city.
Tirunelveli,Excellent transportation facilities and good roads.
Hyderabad,The neighborhood is noisy at night.
Bangalore,There are frequent traffic problems.
Bangalore,Transportation is available in most areas.
Chennai,Public transportation can be difficult during peak hours.
Madurai,The area has moderate traffic.
Kochi,The locality is developing gradually.
Kochi,Many shops and restaurants are nearby.
Trichy,Many shops and restaurants are nearby.
Chennai,The streets are clean and well maintained.
Coimbatore,Traffic congestion is a major problem.
Bangalore,The neighborhood is beautiful and well maintained.
Chennai,The streets are clean and well maintained.
Kochi,Public transport is easily available.
Madurai,The locality is developing gradually.
Madurai,Excellent transportation facilities and good roads.
Madurai,There are many parks and recreational areas.
Chennai,The locality is modern and comfortable.
Salem,The area has a friendly community.
Kochi,The locality is developing gradually.
Chennai,The roads need improvement.
Hyderabad,The location is average for residential purposes.
Salem,Waste management needs improvement.
Tirunelveli,The locality is modern and comfortable.
Tirunelveli,The area is very crowded during peak hours.
Pune,The roads need improvement.
Tirunelveli,The area has a friendly community.
Bangalore,The neighborhood is noisy at night.
Kochi,The area has moderate traffic.
Coimbatore,There is too much pollution in this area.
Pune,There are many parks and recreational areas.
Tirunelveli,There are limited parking facilities.
Kochi,Very good connectivity to the city.
Coimbatore,Schools and shops are available nearby.
Tirunelveli,The area can be noisy and crowded.
Pune,The neighborhood is clean and peaceful.
Trichy,The neighborhood is suitable for some families.
Coimbatore,Some roads are damaged.
Tirunelveli,The location is average for residential purposes.
Pune,Excellent transportation facilities and good roads.
Pune,Excellent transportation facilities and good roads.
Madurai,A pleasant place to live with good facilities.
Trichy,The neighborhood is clean and peaceful.
Bangalore,The neighborhood is beautiful and well maintained.
Salem,The neighborhood is suitable for some families.
Pune,The area is very crowded during peak hours.
Chennai,A pleasant place to live with good facilities.
Kochi,Many shops and restaurants are nearby.
Coimbatore,Good residential area with a peaceful environment.
Chennai,The neighborhood is suitable for some families.
Chennai,Many shops and restaurants are nearby.
Tirunelveli,The locality is developing gradually.
Hyderabad,Schools and shops are available nearby.
Coimbatore,Many shops and restaurants are nearby.
Trichy,Many shops and restaurants are nearby.
Hyderabad,Some roads are damaged.
Tirunelveli,Good residential area with a peaceful environment.
Tirunelveli,The locality is modern and comfortable.
Madurai,The locality is developing gradually.
Bangalore,The area is expensive compared with nearby locations.
Chennai,There is too much pollution in this area.
Tirunelveli,Waste management needs improvement.
Tirunelveli,Traffic congestion is a major problem.
Chennai,Very safe area with friendly people.
Hyderabad,Some roads are damaged.
Salem,There are limited parking facilities.
Bangalore,Good residential area with a peaceful environment.
Kochi,Very good connectivity to the city.
Salem,Excellent transportation facilities and good roads.
Tirunelveli,Schools and shops are available nearby.
Salem,Waste management needs improvement.
Coimbatore,The area has a friendly community.
Hyderabad,The area has excellent schools and hospitals.
Tirunelveli,Parking is difficult to find.
Bangalore,The location is average for residential purposes.
Kochi,Facilities are available but could be improved.
Tirunelveli,Public transportation can be difficult during peak hours.
Coimbatore,Some roads are damaged.
Chennai,Facilities are available but could be improved.
Kochi,There are many parks and recreational areas.
Salem,The streets are clean and well maintained.
Salem,Transportation is available in most areas.
Hyderabad,The area has excellent schools and hospitals.
Tirunelveli,The area has a friendly community.
Pune,There are many parks and recreational areas.
Bangalore,The locality needs better infrastructure.
Coimbatore,The area has moderate traffic.
Coimbatore,A pleasant place to live with good facilities.
Chennai,Public transportation can be difficult during peak hours.
Coimbatore,Public transportation can be difficult during peak hours.
Madurai,Very safe area with friendly people.
Pune,Traffic congestion is a major problem.
Bangalore,Many shops and restaurants are nearby.
Trichy,Traffic congestion is a major problem.
Trichy,The neighborhood is clean and peaceful.
Hyderabad,The roads need improvement.
Chennai,The neighborhood is beautiful and well maintained.
Coimbatore,Transportation is available in most areas.
Madurai,The area can be noisy and crowded.
Pune,The neighborhood is clean and peaceful.
Hyderabad,Very safe area with friendly people.
Tirunelveli,Excellent transportation facilities and good roads.
Coimbatore,The neighborhood has both good and bad areas.
Madurai,Public transport is easily available.
Pune,Transportation is available in most areas.
Coimbatore,Transportation is available in most areas.
Hyderabad,Very safe area with friendly people.
Chennai,Schools and shops are available nearby.
Bangalore,The locality is developing gradually.
Trichy,Good residential area with a peaceful environment.
Bangalore,The neighborhood has both good and bad areas.
Tirunelveli,The location is average for residential purposes.
Madurai,Good residential area with a peaceful environment.
Kochi,The area has a friendly community.
Kochi,Good residential area with a peaceful environment.
Chennai,The neighborhood is beautiful and well maintained.
Coimbatore,Facilities are available but could be improved.
Bangalore,Overall facilities are average.
Madurai,The area has a friendly community.
Salem,Public transport is easily available.
Chennai,There is too much pollution in this area.
Trichy,The neighborhood is not well maintained.
Hyderabad,Parking is difficult to find.
Coimbatore,The neighborhood has both good and bad areas.
Kochi,A pleasant place to live with good facilities.
Coimbatore,The area has a friendly community.
Hyderabad,The streets are clean and well maintained.
Salem,Some parts are quiet while others are busy.
Salem,Very convenient location for families.
Madurai,The neighborhood is clean and peaceful.
Salem,The locality needs better infrastructure.
Hyderabad,There is too much pollution in this area.
Chennai,Traffic congestion is a major problem.
Chennai,The area is very crowded during peak hours.
Salem,The neighborhood is clean and peaceful.
Trichy,Public transport is easily available.
Coimbatore,Overall facilities are average.
Tirunelveli,The location is average for residential purposes.
Tirunelveli,The neighborhood is clean and peaceful.
Kochi,The neighborhood is noisy at night.
Hyderabad,The neighborhood is not well maintained.
Pune,The neighborhood is not well maintained.
Coimbatore,Schools and shops are available nearby.
Coimbatore,There is too much pollution in this area.
Pune,There is too much pollution in this area.
Hyderabad,Overall facilities are average.
Madurai,Very good connectivity to the city.
Tirunelveli,Excellent transportation facilities and good roads.
Hyderabad,The area can be noisy and crowded.
Salem,Overall facilities are average.
Madurai,Transportation is available in most areas.
Kochi,The locality is developing gradually.
Pune,Very good connectivity to the city.
Coimbatore,Very safe area with friendly people.
Hyderabad,The neighborhood is beautiful and well maintained.
Salem,Very good connectivity to the city.
Tirunelveli,The streets are clean and well maintained.
Hyderabad,The neighborhood is clean and peaceful.
Pune,A pleasant place to live with good facilities.
Bangalore,Some roads are damaged.
Kochi,Many shops and restaurants are nearby.
Trichy,Traffic congestion is a major problem.
Chennai,The neighborhood is not well maintained.
Trichy,Excellent transportation facilities and good roads.
Trichy,The location is average for residential purposes.
Trichy,The locality is modern and comfortable.
Madurai,The roads need improvement.
Madurai,Public transportation can be difficult during peak hours.
Bangalore,The neighborhood is noisy at night.
Tirunelveli,There are limited parking facilities.
Pune,There are limited parking facilities.
Coimbatore,The area has excellent schools and hospitals.
Hyderabad,A pleasant place to live with good facilities.
Hyderabad,Schools and shops are available nearby.
Pune,Excellent transportation facilities and good roads.
Pune,There are many parks and recreational areas.
Salem,The location is average for residential purposes.
Madurai,The locality needs better infrastructure.
Chennai,Schools and shops are available nearby.
Trichy,Overall facilities are average.
Madurai,The locality is modern and comfortable.
Tirunelveli,The neighborhood is not well maintained.
Chennai,The neighborhood is beautiful and well maintained.
Chennai,Very convenient location for families.
Trichy,There are many parks and recreational areas.
Bangalore,Very good connectivity to the city.
Bangalore,Schools and shops are available nearby.
Kochi,The locality needs better infrastructure.
Hyderabad,The streets are clean and well maintained.
Trichy,Excellent transportation facilities and good roads.
Salem,There is too much pollution in this area.
Tirunelveli,Public transport is easily available.
Madurai,The area has excellent schools and hospitals.
Bangalore,Very safe area with friendly people.
Tirunelveli,Excellent transportation facilities and good roads.
Kochi,There are limited parking facilities.
Coimbatore,The streets are clean and well maintained.
Salem,Public transportation can be difficult during peak hours.
Coimbatore,Very convenient location for families.
Trichy,A pleasant place to live with good facilities.
Trichy,There are frequent traffic problems.
Pune,The area has excellent schools and hospitals.
Chennai,Some roads are damaged.
Hyderabad,Some parts are quiet while others are busy.
Coimbatore,The area is expensive compared with nearby locations.
Tirunelveli,A pleasant place to live with good facilities.
Coimbatore,The locality is modern and comfortable.
Kochi,The neighborhood has both good and bad areas.
Kochi,Transportation is available in most areas.
Chennai,The locality needs better infrastructure.
Bangalore,The neighborhood is not well maintained.
Tirunelveli,Excellent transportation facilities and good roads.
Coimbatore,The locality needs better infrastructure.
Salem,The neighborhood is suitable for some families.
Salem,The area has a friendly community.
Salem,Excellent transportation facilities and good roads.
Hyderabad,Very convenient location for families.
Madurai,The location is average for residential purposes.
Salem,The streets are clean and well maintained.
Chennai,Very convenient location for families.
Pune,The area has a friendly community.
Chennai,Public transport is easily available.
Bangalore,The streets are clean and well maintained.
Salem,The area is very crowded during peak hours.
Madurai,The locality is modern and comfortable.
Madurai,A pleasant place to live with good facilities.
Tirunelveli,The neighborhood is suitable for some families.
Madurai,Public transportation can be difficult during peak hours.
Coimbatore,The area has excellent schools and hospitals.
Tirunelveli,The area has excellent schools and hospitals.
Coimbatore,The locality needs better infrastructure.
Trichy,The area is expensive compared with nearby locations.
Hyderabad,The area can be noisy and crowded.
Bangalore,Public transport is easily available.
Bangalore,The neighborhood is suitable for some families.
Trichy,Transportation is available in most areas.
Bangalore,Very safe area with friendly people.
Coimbatore,Many shops and restaurants are nearby.
Bangalore,There are many parks and recreational areas.
Madurai,There are frequent traffic problems.
Trichy,Traffic congestion is a major problem.
Chennai,Overall facilities are average.
Salem,The area is expensive compared with nearby locations.
Tirunelveli,The area has moderate traffic.
Kochi,Overall facilities are average.
Kochi,Transportation is available in most areas.
Hyderabad,The neighborhood has both good and bad areas.
Kochi,The locality needs better infrastructure.
Pune,Parking is difficult to find.
Hyderabad,There are frequent traffic problems.
Salem,Public transportation can be difficult during peak hours.
Tirunelveli,The locality is modern and comfortable.
Kochi,The neighborhood has both good and bad areas.
Tirunelveli,Many shops and restaurants are nearby.
Coimbatore,There is too much pollution in this area.
Pune,Traffic congestion is a major problem.
Madurai,The area is very crowded during peak hours.
Pune,The locality needs better infrastructure.
Chennai,Traffic congestion is a major problem.
Chennai,The neighborhood is clean and peaceful.
Hyderabad,The area has a friendly community.
Madurai,Waste management needs improvement.
Tirunelveli,The streets are clean and well maintained.
Salem,Excellent transportation facilities and good roads.
Madurai,Traffic congestion is a major problem.
Madurai,The streets are clean and well maintained.
Pune,Waste management needs improvement.
Pune,A pleasant place to live with good facilities.
Madurai,The roads need improvement.
Tirunelveli,Transportation is available in most areas.
Kochi,There is too much pollution in this area.
Madurai,The neighborhood is clean and peaceful.
Hyderabad,Many shops and restaurants are nearby.
Chennai,The locality is developing gradually.
Bangalore,The neighborhood is beautiful and well maintained.
Coimbatore,The area can be noisy and crowded.
Tirunelveli,Very convenient location for families.
Coimbatore,The location is average for residential purposes.
Hyderabad,Traffic congestion is a major problem.
Pune,The neighborhood is beautiful and well maintained.
Hyderabad,There is too much pollution in this area.
Bangalore,The area has a friendly community.
Salem,The locality is modern and comfortable.
Salem,The neighborhood has both good and bad areas.
Kochi,The area has moderate traffic.
Madurai,The area has excellent schools and hospitals.
Trichy,The neighborhood has both good and bad areas.
Salem,There is too much pollution in this area.
Hyderabad,The neighborhood is beautiful and well maintained.
Pune,The locality is developing gradually.
Hyderabad,The streets are clean and well maintained.
Trichy,Excellent transportation facilities and good roads.
Coimbatore,Excellent transportation facilities and good roads.
Salem,Waste management needs improvement.
Madurai,Public transport is easily available.
Tirunelveli,The area is expensive compared with nearby locations.
Hyderabad,Some parts are quiet while others are busy.
Bangalore,Very good connectivity to the city.
Chennai,Excellent transportation facilities and good roads.
Madurai,There are frequent traffic problems.
Hyderabad,Public transport is easily available.
Trichy,The locality is developing gradually.
Madurai,Excellent transportation facilities and good roads.
Madurai,Many shops and restaurants are nearby.
Coimbatore,The neighborhood is not well maintained.
Coimbatore,Very convenient location for families.
Chennai,The neighborhood has both good and bad areas.
Hyderabad,Transportation is available in most areas.
Madurai,Some parts are quiet while others are busy.
Salem,Traffic congestion is a major problem.
Kochi,Many shops and restaurants are nearby.
Salem,The streets are clean and well maintained.
Trichy,Very good connectivity to the city.
Hyderabad,There are many parks and recreational areas.
Coimbatore,The neighborhood is noisy at night.
Madurai,Traffic congestion is a major problem.
Tirunelveli,A pleasant place to live with good facilities.
Coimbatore,The neighborhood is beautiful and well maintained.
Salem,Good residential area with a peaceful environment.
Madurai,Very good connectivity to the city.
Madurai,Very good connectivity to the city.
Chennai,The area is expensive compared with nearby locations.
Kochi,The area has moderate traffic.
Trichy,Many shops and restaurants are nearby.
Hyderabad,The area has a friendly community.
Bangalore,Facilities are available but could be improved.
Pune,The roads need improvement.
Pune,The roads need improvement.
Bangalore,Excellent transportation facilities and good roads.
Bangalore,The area has a friendly community.
Bangalore,Overall facilities are average.
Kochi,The area is very crowded during peak hours.
Bangalore,The locality is developing gradually.
Bangalore,Transportation is available in most areas.
Chennai,Very good connectivity to the city.
Bangalore,The area has moderate traffic.
Bangalore,Many shops and restaurants are nearby.
Coimbatore,Very good connectivity to the city.
Coimbatore,Good residential area with a peaceful environment.
Trichy,Overall facilities are average.
Bangalore,The neighborhood has both good and bad areas.
Salem,The neighborhood is beautiful and well maintained.
Salem,The location is average for residential purposes.
Chennai,Overall facilities are average.
Kochi,There are many parks and recreational areas.
Pune,Waste management needs improvement.
Hyderabad,The locality needs better infrastructure.
Chennai,The neighborhood is beautiful and well maintained.
Madurai,Very good connectivity to the city.
Chennai,The neighborhood is beautiful and well maintained.
Kochi,There are many parks and recreational areas.
Chennai,The neighborhood is beautiful and well maintained.
Madurai,The area has excellent schools and hospitals.
Trichy,There are frequent traffic problems.
Trichy,The area has a friendly community.
Madurai,The area can be noisy and crowded.
Madurai,The area has excellent schools and hospitals.
Bangalore,Public transportation can be difficult during peak hours.
Tirunelveli,Very good connectivity to the city.
Chennai,The neighborhood is beautiful and well maintained.
Salem,The location is average for residential purposes.
Madurai,A pleasant place to live with good facilities.
Trichy,The neighborhood is suitable for some families.
Salem,There are limited parking facilities.
Coimbatore,Many shops and restaurants are nearby.
Kochi,The streets are clean and well maintained.
Bangalore,The location is average for residential purposes.
Tirunelveli,The neighborhood is beautiful and well maintained.
Coimbatore,Good residential area with a peaceful environment.
Kochi,Very good connectivity to the city.
Tirunelveli,The roads need improvement.
Trichy,The area has excellent schools and hospitals.
Madurai,Schools and shops are available nearby.
Bangalore,A pleasant place to live with good facilities.
Pune,The neighborhood is suitable for some families.
Coimbatore,There are limited parking facilities.
Bangalore,Schools and shops are available nearby.
Pune,There are many parks and recreational areas.
Hyderabad,The neighborhood is suitable for some families.
Hyderabad,Some roads are damaged.
Coimbatore,The area has excellent schools and hospitals.
Trichy,Facilities are available but could be improved.
Pune,Some parts are quiet while others are busy.
Bangalore,Public transportation can be difficult during peak hours.
Madurai,Very safe area with friendly people.
Pune,The area is expensive compared with nearby locations.
Salem,Schools and shops are available nearby.
Tirunelveli,Public transportation can be difficult during peak hours.
Chennai,The neighborhood is noisy at night.
Chennai,Very safe area with friendly people.
Tirunelveli,The neighborhood is not well maintained.
Tirunelveli,There are limited parking facilities.
Pune,Traffic congestion is a major problem.
Salem,Good residential area with a peaceful environment.
Trichy,There are frequent traffic problems.
Tirunelveli,The neighborhood has both good and bad areas.
Salem,The neighborhood is suitable for some families.
Trichy,Very safe area with friendly people.
Pune,Very safe area with friendly people.
Bangalore,The area has a friendly community.
Trichy,Public transportation can be difficult during peak hours.
Hyderabad,Parking is difficult to find.
Hyderabad,The neighborhood is beautiful and well maintained.
Pune,Very convenient location for families.
Trichy,The streets are clean and well maintained.
Trichy,Public transport is easily available.
Trichy,The neighborhood is noisy at night.
Kochi,The locality is modern and comfortable.
Pune,Public transportation can be difficult during peak hours.
Kochi,Traffic congestion is a major problem.
Madurai,Very good connectivity to the city.
Madurai,A pleasant place to live with good facilities.
Madurai,The streets are clean and well maintained.
Tirunelveli,The locality needs better infrastructure.
Trichy,Some roads are damaged.
Trichy,The neighborhood is clean and peaceful.
Pune,The area has a friendly community.
Trichy,Very good connectivity to the city.
Salem,The neighborhood has both good and bad areas.
Chennai,There is too much pollution in this area.
Hyderabad,The area has moderate traffic.
Salem,The locality is developing gradually.
Salem,There are frequent traffic problems.
Coimbatore,There are many parks and recreational areas.
Chennai,The roads need improvement.
Hyderabad,Some roads are damaged.
Madurai,Overall facilities are average.
Madurai,Very safe area with friendly people.
Bangalore,The locality is developing gradually.
Trichy,Overall facilities are average.
Bangalore,There are frequent traffic problems.
Trichy,Public transport is easily available.
Coimbatore,Schools and shops are available nearby.
Salem,Good residential area with a peaceful environment.
Hyderabad,Very good connectivity to the city.
Salem,Schools and shops are available nearby.
Salem,Schools and shops are available nearby.
Tirunelveli,Very good connectivity to the city.
Pune,Very good connectivity to the city.
Kochi,Some parts are quiet while others are busy.
Tirunelveli,Some parts are quiet while others are busy.
Salem,The neighborhood is beautiful and well maintained.
Trichy,Waste management needs improvement.
Salem,Excellent transportation facilities and good roads.
Chennai,Some parts are quiet while others are busy.
Coimbatore,Waste management needs improvement.
Trichy,Public transport is easily available.
Bangalore,Very good connectivity to the city.
Kochi,Good residential area with a peaceful environment.
Bangalore,The location is average for residential purposes.
Bangalore,There are frequent traffic problems.
Bangalore,The neighborhood is noisy at night.
Madurai,The neighborhood is suitable for some families.
Salem,The area has excellent schools and hospitals.
Trichy,Good residential area with a peaceful environment.
Pune,The area is very crowded during peak hours.
Chennai,The location is average for residential purposes.
Tirunelveli,The area is expensive compared with nearby locations.
Hyderabad,Traffic congestion is a major problem.
Hyderabad,Excellent transportation facilities and good roads.
Chennai,The area has excellent schools and hospitals.
Coimbatore,The neighborhood is not well maintained.
Coimbatore,Very safe area with friendly people.
Pune,Public transportation can be difficult during peak hours.
Kochi,There are many parks and recreational areas.
Tirunelveli,Facilities are available but could be improved.
Chennai,Public transport is easily available.
Bangalore,The area has a friendly community.
Trichy,Some parts are quiet while others are busy.
Kochi,The area has a friendly community.
Hyderabad,A pleasant place to live with good facilities.
Salem,The area can be noisy and crowded.
Tirunelveli,Traffic congestion is a major problem.
Salem,Very safe area with friendly people.
Kochi,The locality is modern and comfortable.
Trichy,The area has moderate traffic.
Trichy,There are many parks and recreational areas.
Coimbatore,The area has excellent schools and hospitals.
Madurai,Very good connectivity to the city.
Tirunelveli,Very good connectivity to the city.
Salem,Parking is difficult to find.
Kochi,Schools and shops are available nearby.
Coimbatore,Many shops and restaurants are nearby.
Hyderabad,The area has moderate traffic.
Madurai,There are many parks and recreational areas.
Coimbatore,Very convenient location for families.
Chennai,The area is expensive compared with nearby locations.
Kochi,The locality is developing gradually.
Trichy,Some parts are quiet while others are busy.
Madurai,The area has moderate traffic.
Chennai,Public transport is easily available.
Bangalore,Some roads are damaged.
Coimbatore,Very convenient location for families.
Tirunelveli,Public transport is easily available.
Bangalore,The area is very crowded during peak hours.
Trichy,Traffic congestion is a major problem.
Tirunelveli,The area has excellent schools and hospitals.
Madurai,The streets are clean and well maintained.
Salem,The location is average for residential purposes.
Hyderabad,The area can be noisy and crowded.
Salem,The area has a friendly community.
Salem,Excellent transportation facilities and good roads.
Hyderabad,Overall facilities are average.
Bangalore,The locality is modern and comfortable.
Chennai,Many shops and restaurants are nearby.
Coimbatore,The area has a friendly community.
Coimbatore,The neighborhood is not well maintained.
Pune,The roads need improvement.
Chennai,Facilities are available but could be improved.
Chennai,Excellent transportation facilities and good roads.
Coimbatore,The neighborhood is beautiful and well maintained.
Pune,Many shops and restaurants are nearby.
Chennai,The area has moderate traffic.
Madurai,The neighborhood is not well maintained.
Hyderabad,The area has excellent schools and hospitals.
Madurai,The locality is developing gradually.
Trichy,The neighborhood has both good and bad areas.
Pune,The location is average for residential purposes.
Madurai,The area has moderate traffic.
Coimbatore,Very convenient location for families.
Trichy,A pleasant place to live with good facilities.
Madurai,The area has a friendly community.
Trichy,The neighborhood is beautiful and well maintained.
Kochi,Very convenient location for families.
Pune,Good residential area with a peaceful environment.
Madurai,Facilities are available but could be improved.
Tirunelveli,The area can be noisy and crowded.
Trichy,The neighborhood is suitable for some families.
Pune,The neighborhood is noisy at night.
Trichy,Very convenient location for families.
Bangalore,Public transportation can be difficult during peak hours.
Chennai,The neighborhood is clean and peaceful.
Kochi,A pleasant place to live with good facilities.
Bangalore,There are many parks and recreational areas.
Salem,Many shops and restaurants are nearby.
Kochi,Some parts are quiet while others are busy.
Salem,The area has moderate traffic.
Chennai,Very good connectivity to the city.
Madurai,A pleasant place to live with good facilities.
Coimbatore,Parking is difficult to find.
Bangalore,The area has excellent schools and hospitals.
Madurai,The area has excellent schools and hospitals.
Salem,Transportation is available in most areas.
Madurai,Schools and shops are available nearby.
Chennai,Public transport is easily available.
Kochi,Very good connectivity to the city.
Salem,Many shops and restaurants are nearby.
Hyderabad,The neighborhood is noisy at night.
Hyderabad,Some roads are damaged.
Madurai,Public transport is easily available.
Trichy,The streets are clean and well maintained.
Madurai,Traffic congestion is a major problem.
Kochi,The area is expensive compared with nearby locations.
Salem,The area is expensive compared with nearby locations.
Hyderabad,Good residential area with a peaceful environment.
Coimbatore,Very good connectivity to the city.
Hyderabad,The neighborhood is beautiful and well maintained.
Madurai,The neighborhood is clean and peaceful.
Salem,The neighborhood is clean and peaceful.
Madurai,Very safe area with friendly people.
Trichy,The streets are clean and well maintained.
Hyderabad,The neighborhood has both good and bad areas.
Kochi,Very good connectivity to the city.
Chennai,The area has excellent schools and hospitals.
Bangalore,There are limited parking facilities.
Tirunelveli,A pleasant place to live with good facilities.
Salem,The area has excellent schools and hospitals.
Chennai,Public transportation can be difficult during peak hours.
Bangalore,Public transport is easily available.
Pune,Facilities are available but could be improved.
Chennai,Very safe area with friendly people.
Kochi,The locality is developing gradually.
Chennai,The area has moderate traffic.
Tirunelveli,The neighborhood is not well maintained.
Pune,The locality needs better infrastructure.
Pune,Many shops and restaurants are nearby.
Coimbatore,Many shops and restaurants are nearby.
Chennai,Excellent transportation facilities and good roads.
Bangalore,Very good connectivity to the city.
Kochi,The neighborhood has both good and bad areas.
Tirunelveli,Good residential area with a peaceful environment.
Pune,The streets are clean and well maintained.
Salem,The neighborhood is noisy at night.
Tirunelveli,The neighborhood is noisy at night.
Hyderabad,Public transport is easily available.
Madurai,Waste management needs improvement.
Bangalore,Some parts are quiet while others are busy.
Madurai,Public transportation can be difficult during peak hours.
Coimbatore,A pleasant place to live with good facilities.
Madurai,Public transport is easily available.
Tirunelveli,The neighborhood has both good and bad areas.
Salem,The neighborhood is not well maintained.
Hyderabad,Some parts are quiet while others are busy.
Coimbatore,The streets are clean and well maintained.
Pune,The roads need improvement.
Tirunelveli,The area can be noisy and crowded.
Coimbatore,Very safe area with friendly people.
Salem,The neighborhood is beautiful and well maintained.
Tirunelveli,Very convenient location for families.
Trichy,The neighborhood is beautiful and well maintained.
Pune,The area can be noisy and crowded.
Bangalore,Parking is difficult to find.
Kochi,Transportation is available in most areas.
Madurai,Very good connectivity to the city.
Coimbatore,Waste management needs improvement.
Chennai,The area has excellent schools and hospitals.
Kochi,Many shops and restaurants are nearby.
Kochi,The neighborhood has both good and bad areas.
Trichy,Excellent transportation facilities and good roads.
Bangalore,The neighborhood is beautiful and well maintained.
Madurai,Transportation is available in most areas.
Tirunelveli,Very convenient location for families.
Tirunelveli,Very convenient location for families.
Bangalore,The area has excellent schools and hospitals.
Tirunelveli,The locality is modern and comfortable.
Bangalore,Very convenient location for families.
Trichy,The neighborhood is suitable for some families.
Chennai,There are many parks and recreational areas.
Trichy,Very convenient location for families.
Trichy,The neighborhood is suitable for some families.
Chennai,Some roads are damaged.
Hyderabad,Public transport is easily available.
Madurai,Excellent transportation facilities and good roads.
Madurai,The area has excellent schools and hospitals.
Bangalore,The area has moderate traffic.
Trichy,Very good connectivity to the city.
Kochi,The location is average for residential purposes.
Trichy,The neighborhood is clean and peaceful.
Madurai,Schools and shops are available nearby.
Hyderabad,There are frequent traffic problems.
Madurai,The area has excellent schools and hospitals.
Kochi,The neighborhood is clean and peaceful.
Bangalore,The neighborhood is noisy at night.
Bangalore,The roads need improvement.
Hyderabad,There are many parks and recreational areas.
Pune,The neighborhood is clean and peaceful.
Kochi,A pleasant place to live with good facilities.
Tirunelveli,The neighborhood has both good and bad areas.
Madurai,Very good connectivity to the city.
Trichy,The area has moderate traffic.
Tirunelveli,There are many parks and recreational areas.
Chennai,The area is expensive compared with nearby locations.
Salem,The neighborhood is clean and peaceful.
Madurai,The location is average for residential purposes.
Madurai,The locality needs better infrastructure.
Trichy,Facilities are available but could be improved.
Salem,The streets are clean and well maintained.
Chennai,The area is very crowded during peak hours.
Kochi,Very convenient location for families.
Madurai,The streets are clean and well maintained.
Pune,Very convenient location for families.
Hyderabad,The roads need improvement.
Tirunelveli,A pleasant place to live with good facilities.
Bangalore,Excellent transportation facilities and good roads.
Salem,The neighborhood is beautiful and well maintained.
Salem,Facilities are available but could be improved.
Madurai,The locality is modern and comfortable.
Chennai,A pleasant place to live with good facilities.
Pune,Many shops and restaurants are nearby.
Salem,The locality needs better infrastructure.
Bangalore,The neighborhood is beautiful and well maintained.
Bangalore,The neighborhood is suitable for some families.
Chennai,The location is average for residential purposes.
Kochi,Excellent transportation facilities and good roads.
Trichy,Very convenient location for families.
Madurai,There are limited parking facilities.
Coimbatore,Very safe area with friendly people.
Hyderabad,The neighborhood is beautiful and well maintained.
Chennai,There are frequent traffic problems.
Hyderabad,Excellent transportation facilities and good roads.
Tirunelveli,The area has a friendly community.
Coimbatore,The neighborhood is beautiful and well maintained.
Pune,The area has moderate traffic.
Hyderabad,The area has excellent schools and hospitals.
Pune,Good residential area with a peaceful environment.
Bangalore,Very safe area with friendly people.
Bangalore,Good residential area with a peaceful environment.
Hyderabad,Public transport is easily available.
Pune,Overall facilities are average.
Tirunelveli,Some parts are quiet while others are busy.
Trichy,Traffic congestion is a major problem.
Coimbatore,There is too much pollution in this area.
Bangalore,Some parts are quiet while others are busy.
Trichy,Public transport is easily available.
Kochi,Public transport is easily available.
Coimbatore,Excellent transportation facilities and good roads.
Salem,The locality needs better infrastructure.
Salem,The locality is modern and comfortable.
Tirunelveli,The roads need improvement.
Hyderabad,Schools and shops are available nearby.
Coimbatore,Very convenient location for families.
Bangalore,The neighborhood is suitable for some families.
Chennai,Good residential area with a peaceful environment.
Coimbatore,Many shops and restaurants are nearby.
Coimbatore,Facilities are available but could be improved.
Chennai,The neighborhood is beautiful and well maintained.
Madurai,The locality is modern and comfortable.
Pune,The neighborhood is clean and peaceful.
Salem,There are frequent traffic problems.
Pune,There are many parks and recreational areas.
Bangalore,The neighborhood has both good and bad areas.
Trichy,There are limited parking facilities.
Salem,Very safe area with friendly people.
Madurai,There are frequent traffic problems.
Chennai,Public transport is easily available.
Salem,Excellent transportation facilities and good roads.
Madurai,Very good connectivity to the city.
Pune,The location is average for residential purposes.
Bangalore,The location is average for residential purposes.
Salem,Waste management needs improvement.
Hyderabad,The neighborhood has both good and bad areas.
Trichy,Some roads are damaged.
Coimbatore,The neighborhood is beautiful and well maintained.
Pune,Very safe area with friendly people.
Hyderabad,Parking is difficult to find.
Kochi,The neighborhood is clean and peaceful.
Trichy,There are many parks and recreational areas.
Madurai,The area is very crowded during peak hours.
Hyderabad,The locality is developing gradually.
Bangalore,Some roads are damaged.
Bangalore,The location is average for residential purposes.
Hyderabad,There are limited parking facilities.
Tirunelveli,Very safe area with friendly people.
Hyderabad,The roads need improvement.
Trichy,There are many parks and recreational areas.
Salem,Overall facilities are average.
Hyderabad,The area has moderate traffic.
Chennai,There are frequent traffic problems.
Hyderabad,There are many parks and recreational areas.
Salem,Very convenient location for families.
Pune,The area has excellent schools and hospitals.
Salem,Overall facilities are average.
Pune,A pleasant place to live with good facilities.
Bangalore,The area is expensive compared with nearby locations.
Trichy,The neighborhood is suitable for some families.
Kochi,The neighborhood is suitable for some families.
Kochi,Very convenient location for families.
Trichy,The neighborhood is suitable for some families.
Coimbatore,Some roads are damaged.
Pune,There is too much pollution in this area.
Tirunelveli,The area has moderate traffic.
Bangalore,There is too much pollution in this area.
Coimbatore,The area can be noisy and crowded.
Hyderabad,There are many parks and recreational areas.
Tirunelveli,The locality is modern and comfortable.
Salem,There are frequent traffic problems.
Madurai,The area has excellent schools and hospitals.
Kochi,The locality needs better infrastructure.
Chennai,Many shops and restaurants are nearby.
Hyderabad,Very good connectivity to the city.
Salem,The neighborhood is suitable for some families.
Coimbatore,Traffic congestion is a major problem.
Bangalore,Good residential area with a peaceful environment.
Kochi,Excellent transportation facilities and good roads.
Hyderabad,The locality needs better infrastructure.
Tirunelveli,Parking is difficult to find.
Hyderabad,Very convenient location for families.
Coimbatore,There are limited parking facilities.
Madurai,The streets are clean and well maintained.
Kochi,There are many parks and recreational areas.
Chennai,There are many parks and recreational areas.
Coimbatore,Some parts are quiet while others are busy.
Salem,Very safe area with friendly people.
Kochi,There are frequent traffic problems.
Salem,The area has excellent schools and hospitals.
Salem,The area has moderate traffic.
Pune,Excellent transportation facilities and good roads.
Tirunelveli,Very good connectivity to the city.
Madurai,Some roads are damaged.
Coimbatore,Waste management needs improvement.
Bangalore,The location is average for residential purposes.
Pune,The locality is modern and comfortable.
Kochi,Transportation is available in most areas.
Chennai,The neighborhood is clean and peaceful.
Trichy,The roads need improvement.
Hyderabad,Parking is difficult to find.
Tirunelveli,Overall facilities are average.
Bangalore,Very good connectivity to the city.
Kochi,Schools and shops are available nearby.
Hyderabad,Good residential area with a peaceful environment.
Madurai,Overall facilities are average.
Trichy,The neighborhood is beautiful and well maintained.
Pune,Facilities are available but could be improved.
Chennai,The streets are clean and well maintained.
Pune,Many shops and restaurants are nearby.
Trichy,Facilities are available but could be improved.
Madurai,Overall facilities are average.
Chennai,Transportation is available in most areas.
Trichy,Traffic congestion is a major problem.
Trichy,The neighborhood has both good and bad areas.
Tirunelveli,Transportation is available in most areas.
Trichy,There are many parks and recreational areas.
Salem,The locality is modern and comfortable.
Chennai,Excellent transportation facilities and good roads.
Kochi,The streets are clean and well maintained.
Trichy,Waste management needs improvement.
Kochi,The neighborhood is noisy at night.
Tirunelveli,The area has moderate traffic.
Pune,Schools and shops are available nearby.
Bangalore,Many shops and restaurants are nearby.
Pune,The area has a friendly community.
Coimbatore,The streets are clean and well maintained.
Kochi,Very safe area with friendly people.
Pune,A pleasant place to live with good facilities.
Salem,The locality is modern and comfortable.
Madurai,The neighborhood is noisy at night.
Kochi,Transportation is available in most areas.
Coimbatore,Schools and shops are available nearby.
Tirunelveli,The location is average for residential purposes.
Salem,The area has excellent schools and hospitals.
Kochi,The streets are clean and well maintained.
Bangalore,The area has excellent schools and hospitals.
Salem,Good residential area with a peaceful environment.
Hyderabad,Good residential area with a peaceful environment.
Tirunelveli,Public transport is easily available.
Hyderabad,Many shops and restaurants are nearby.
Madurai,Some parts are quiet while others are busy.
Trichy,Some parts are quiet while others are busy.
Madurai,The locality needs better infrastructure.
Salem,The area has moderate traffic.
Tirunelveli,A pleasant place to live with good facilities.
Bangalore,Waste management needs improvement.
Madurai,A pleasant place to live with good facilities.
Hyderabad,The neighborhood is beautiful and well maintained.
Hyderabad,The area has excellent schools and hospitals.
Kochi,Waste management needs improvement.
Pune,There are frequent traffic problems.
Coimbatore,The neighborhood is suitable for some families.
Chennai,Overall facilities are average.
Hyderabad,Many shops and restaurants are nearby.
Trichy,Waste management needs improvement.
Bangalore,The area is very crowded during peak hours.
Chennai,The neighborhood is noisy at night.
Trichy,Schools and shops are available nearby.
Coimbatore,The area is expensive compared with nearby locations.
Hyderabad,The area has moderate traffic.
Tirunelveli,There are limited parking facilities.
Salem,There are many parks and recreational areas.
Salem,The streets are clean and well maintained.
Hyderabad,Many shops and restaurants are nearby.
Bangalore,The neighborhood has both good and bad areas.
Pune,The area is very crowded during peak hours.
Madurai,Many shops and restaurants are nearby.
Trichy,Very safe area with friendly people.
Trichy,A pleasant place to live with good facilities.
Tirunelveli,Traffic congestion is a major problem.
Pune,There are many parks and recreational areas.
Madurai,The area is very crowded during peak hours.
Chennai,Parking is difficult to find.
Chennai,Very convenient location for families.
Kochi,A pleasant place to live with good facilities.
Madurai,Overall facilities are average.
Salem,Many shops and restaurants are nearby.
Pune,Very convenient location for families.
Madurai,Public transportation can be difficult during peak hours.
Pune,Public transport is easily available.
Madurai,The area has moderate traffic.
Madurai,There is too much pollution in this area.
Kochi,The neighborhood is clean and peaceful.
Bangalore,There are many parks and recreational areas.
Chennai,The locality is developing gradually.
Salem,The locality is developing gradually.
Hyderabad,The neighborhood is clean and peaceful.
Coimbatore,Very safe area with friendly people.
Hyderabad,Excellent transportation facilities and good roads.
Pune,Transportation is available in most areas.
Hyderabad,The area is expensive compared with nearby locations.
Pune,Very convenient location for families.
Kochi,Schools and shops are available nearby.
Coimbatore,The neighborhood is suitable for some families.
Salem,A pleasant place to live with good facilities.
Tirunelveli,Very convenient location for families.
Tirunelveli,A pleasant place to live with good facilities.
Salem,There are frequent traffic problems.
Trichy,There are many parks and recreational areas.
Chennai,There are many parks and recreational areas.
Madurai,Good residential area with a peaceful environment.
Madurai,Very good connectivity to the city.
Kochi,The roads need improvement.
Tirunelveli,The area is expensive compared with nearby locations.
Hyderabad,Good residential area with a peaceful environment.
Hyderabad,The neighborhood is noisy at night.
Trichy,Excellent transportation facilities and good roads.
Bangalore,Very safe area with friendly people.
Hyderabad,The locality is modern and comfortable.
Salem,The roads need improvement.
Salem,Waste management needs improvement.
Coimbatore,The neighborhood has both good and bad areas.
Madurai,The locality is modern and comfortable.
Bangalore,Some parts are quiet while others are busy.
Madurai,Schools and shops are available nearby.
Hyderabad,There are limited parking facilities.
Salem,The neighborhood is clean and peaceful.
Chennai,Public transport is easily available.
Chennai,The neighborhood is noisy at night.
Chennai,Good residential area with a peaceful environment.
Tirunelveli,The roads need improvement.
Hyderabad,Excellent transportation facilities and good roads.
Hyderabad,Many shops and restaurants are nearby.
Bangalore,Transportation is available in most areas.
Salem,Very safe area with friendly people.
Kochi,There are many parks and recreational areas.
Salem,Traffic congestion is a major problem.
Trichy,Public transport is easily available.
Chennai,Transportation is available in most areas.
Chennai,The area has excellent schools and hospitals.
Coimbatore,The streets are clean and well maintained.
Coimbatore,There are frequent traffic problems.
Chennai,Traffic congestion is a major problem.
Pune,Some parts are quiet while others are busy.
Madurai,The area has a friendly community.
Kochi,The locality is modern and comfortable.
Hyderabad,Public transportation can be difficult during peak hours.
Kochi,The locality is modern and comfortable.
Chennai,Some parts are quiet while others are busy.
Salem,Very good connectivity to the city.
Chennai,The neighborhood is suitable for some families.
Coimbatore,The locality is developing gradually.
Coimbatore,Waste management needs improvement.
Hyderabad,Many shops and restaurants are nearby.
Coimbatore,Parking is difficult to find.
Coimbatore,Some parts are quiet while others are busy.
Tirunelveli,Many shops and restaurants are nearby.
Hyderabad,Some roads are damaged.
Hyderabad,Very good connectivity to the city.
Chennai,Some parts are quiet while others are busy.
Coimbatore,Very convenient location for families.
Hyderabad,The streets are clean and well maintained.
Bangalore,The locality is developing gradually.
Coimbatore,Transportation is available in most areas.
Madurai,The area has excellent schools and hospitals.
Chennai,Very good connectivity to the city.
Kochi,The neighborhood is not well maintained.
Bangalore,There are frequent traffic problems.
Trichy,The area has moderate traffic.
Pune,Transportation is available in most areas.
Tirunelveli,The locality is modern and comfortable.
Pune,The neighborhood is clean and peaceful.
Bangalore,Some parts are quiet while others are busy.
Madurai,The area has moderate traffic.
Hyderabad,Parking is difficult to find.
Tirunelveli,The area has moderate traffic.
Madurai,The area has a friendly community.
Hyderabad,The area has a friendly community.
Bangalore,A pleasant place to live with good facilities.
Trichy,Public transport is easily available.
Chennai,Parking is difficult to find.
Coimbatore,The area can be noisy and crowded.
Coimbatore,Very convenient location for families.
Chennai,A pleasant place to live with good facilities.
Tirunelveli,Overall facilities are average.
Tirunelveli,The neighborhood is noisy at night.
Trichy,The locality is modern and comfortable.
Pune,Very convenient location for families.
Madurai,A pleasant place to live with good facilities.
Kochi,Some roads are damaged.
Salem,A pleasant place to live with good facilities.
Chennai,There are frequent traffic problems.
Kochi,The area is very crowded during peak hours.
Coimbatore,The streets are clean and well maintained.
Hyderabad,Some roads are damaged.
Chennai,The streets are clean and well maintained.
Pune,The locality is modern and comfortable.
Chennai,The area has excellent schools and hospitals.
Tirunelveli,The area has moderate traffic.
Tirunelveli,Parking is difficult to find.
Chennai,The neighborhood is clean and peaceful.
Salem,The neighborhood is noisy at night.
Bangalore,The locality is modern and comfortable.
Salem,The neighborhood is not well maintained.
Kochi,The neighborhood is suitable for some families.
Hyderabad,Facilities are available but could be improved.
Madurai,Public transport is easily available.
Madurai,The neighborhood is suitable for some families.
Madurai,A pleasant place to live with good facilities.
Salem,Facilities are available but could be improved.
Coimbatore,Very convenient location for families.
Hyderabad,Good residential area with a peaceful environment.
Kochi,Transportation is available in most areas.
Salem,The location is average for residential purposes.
Coimbatore,The roads need improvement.
Trichy,Overall facilities are average.
Madurai,Very convenient location for families.
Kochi,A pleasant place to live with good facilities.
Trichy,Many shops and restaurants are nearby.
Tirunelveli,There are many parks and recreational areas.
Coimbatore,The area is very crowded during peak hours.
Salem,Very good connectivity to the city.
Coimbatore,The neighborhood is suitable for some families.
Trichy,Overall facilities are average.
Tirunelveli,The area has moderate traffic.
Tirunelveli,Facilities are available but could be improved.
Bangalore,Very good connectivity to the city.
Pune,The locality needs better infrastructure.
Hyderabad,The area is very crowded during peak hours.
Pune,Parking is difficult to find.
Tirunelveli,The locality is developing gradually.
Bangalore,There are frequent traffic problems.
Tirunelveli,There are many parks and recreational areas.
Hyderabad,The neighborhood is beautiful and well maintained.
Salem,There are many parks and recreational areas.
Coimbatore,Very good connectivity to the city.
Tirunelveli,The locality needs better infrastructure.
Chennai,Traffic congestion is a major problem.
Madurai,The location is average for residential purposes.
Chennai,Very convenient location for families.
Salem,Very convenient location for families.
Madurai,The area is very crowded during peak hours.
Bangalore,Some roads are damaged.
Trichy,Overall facilities are average.
Pune,Transportation is available in most areas.
Pune,Schools and shops are available nearby.
Trichy,Transportation is available in most areas.
Chennai,The neighborhood is clean and peaceful.
Bangalore,Very convenient location for families.
Bangalore,The locality is developing gradually.
Kochi,Some parts are quiet while others are busy.
Salem,Schools and shops are available nearby.
Kochi,The area is expensive compared with nearby locations.
Kochi,Traffic congestion is a major problem.
Coimbatore,The area is very crowded during peak hours.
Hyderabad,The roads need improvement.
Trichy,Overall facilities are average.
Madurai,Facilities are available but could be improved.
Chennai,The locality is developing gradually.
Madurai,A pleasant place to live with good facilities.
Bangalore,Very convenient location for families.
Kochi,There is too much pollution in this area.
Pune,Overall facilities are average.
Madurai,The locality is developing gradually.
Bangalore,Very safe area with friendly people.
Salem,The streets are clean and well maintained.
Madurai,The locality is modern and comfortable.
Salem,Very safe area with friendly people.
Pune,The location is average for residential purposes.
Pune,The locality needs better infrastructure.
Bangalore,The location is average for residential purposes.
Trichy,Overall facilities are average.
Trichy,The location is average for residential purposes.
Pune,Schools and shops are available nearby.
Pune,The locality is developing gradually.
Pune,The locality needs better infrastructure.
Salem,There are frequent traffic problems.
Hyderabad,Public transport is easily available.
Trichy,The neighborhood is beautiful and well maintained.
Hyderabad,The area has a friendly community.
Chennai,The location is average for residential purposes.
Trichy,The area is very crowded during peak hours.
Pune,The area has a friendly community.
Kochi,Some parts are quiet while others are busy.
Madurai,There are frequent traffic problems.
Coimbatore,The roads need improvement.
Coimbatore,Overall facilities are average.
Kochi,There are many parks and recreational areas.
Hyderabad,Some roads are damaged.
Kochi,The neighborhood is clean and peaceful.
Trichy,The area has moderate traffic.
Kochi,The area has excellent schools and hospitals.
Pune,The area has a friendly community.
Salem,Transportation is available in most areas.
Bangalore,The area has moderate traffic.
Salem,The area has a friendly community.
Bangalore,Many shops and restaurants are nearby.
Pune,Very good connectivity to the city.
Chennai,There are frequent traffic problems.
Madurai,Traffic congestion is a major problem.
Coimbatore,The locality is modern and comfortable.
Coimbatore,Excellent transportation facilities and good roads.
Hyderabad,Transportation is available in most areas.
Bangalore,Parking is difficult to find.
Salem,Schools and shops are available nearby.
Kochi,There are many parks and recreational areas.
Kochi,The neighborhood is beautiful and well maintained.
Tirunelveli,The neighborhood is clean and peaceful.
Trichy,There is too much pollution in this area.
Bangalore,Many shops and restaurants are nearby.
Coimbatore,The area has a friendly community.
Kochi,Public transport is easily available.
Hyderabad,Public transport is easily available.
Bangalore,The locality is modern and comfortable.
Kochi,The neighborhood is beautiful and well maintained.
Madurai,Very good connectivity to the city.
Pune,Public transport is easily available.
Tirunelveli,Overall facilities are average.
Bangalore,Good residential area with a peaceful environment.
Hyderabad,Traffic congestion is a major problem.
Madurai,The neighborhood has both good and bad areas.
Tirunelveli,The area has a friendly community.
Pune,The neighborhood has both good and bad areas.
Salem,Overall facilities are average.
Bangalore,Good residential area with a peaceful environment.
Hyderabad,The area has moderate traffic.
Salem,The location is average for residential purposes.
Pune,Waste management needs improvement.
Salem,Public transportation can be difficult during peak hours.
Chennai,Some parts are quiet while others are busy.
Madurai,The area can be noisy and crowded.
Tirunelveli,Some parts are quiet while others are busy.
Trichy,Schools and shops are available nearby.
Salem,Waste management needs improvement.
Hyderabad,The neighborhood is beautiful and well maintained.
Bangalore,Very good connectivity to the city.
Madurai,Excellent transportation facilities and good roads.
Hyderabad,The roads need improvement.
Kochi,There are limited parking facilities.
Salem,Facilities are available but could be improved.
Tirunelveli,There are many parks and recreational areas.
Chennai,Some roads are damaged.
Bangalore,Good residential area with a peaceful environment.
Salem,The area has excellent schools and hospitals.
Tirunelveli,The locality needs better infrastructure.
Hyderabad,Overall facilities are average.
Coimbatore,Many shops and restaurants are nearby.
Chennai,The neighborhood is clean and peaceful.
Chennai,The neighborhood is clean and peaceful.
Kochi,Excellent transportation facilities and good roads.
Pune,The neighborhood is beautiful and well maintained.
Tirunelveli,The area has moderate traffic.
Bangalore,Good residential area with a peaceful environment.
Pune,Excellent transportation facilities and good roads.
Chennai,Some roads are damaged.
Coimbatore,A pleasant place to live with good facilities.
Coimbatore,The area has excellent schools and hospitals.
Bangalore,The neighborhood is clean and peaceful.
Kochi,The area has a friendly community.
Salem,Very good connectivity to the city.
Bangalore,Many shops and restaurants are nearby.
Chennai,The neighborhood is suitable for some families.
Hyderabad,Facilities are available but could be improved.
Coimbatore,The area has a friendly community.
Chennai,The neighborhood is suitable for some families.
Salem,There are many parks and recreational areas.
Chennai,There are frequent traffic problems.
Madurai,The neighborhood has both good and bad areas.
Chennai,The streets are clean and well maintained.
Bangalore,The area is expensive compared with nearby locations.
Kochi,Excellent transportation facilities and good roads.
Hyderabad,Very safe area with friendly people.
Hyderabad,The neighborhood is clean and peaceful.
Madurai,The neighborhood is beautiful and well maintained.
Chennai,Excellent transportation facilities and good roads.
Kochi,The neighborhood has both good and bad areas.
Hyderabad,The roads need improvement.
Coimbatore,Parking is difficult to find.
Madurai,The roads need improvement.
Tirunelveli,Transportation is available in most areas.
Tirunelveli,The locality is modern and comfortable.
Chennai,The area is expensive compared with nearby locations.
Madurai,Very safe area with friendly people.
Kochi,Very good connectivity to the city.
Chennai,The neighborhood is beautiful and well maintained.
Chennai,Schools and shops are available nearby.
Kochi,Many shops and restaurants are nearby.
Hyderabad,Good residential area with a peaceful environment.
Kochi,Public transportation can be difficult during peak hours.
Pune,The neighborhood is suitable for some families.
Coimbatore,The neighborhood is beautiful and well maintained.
Hyderabad,There are frequent traffic problems.
Trichy,Overall facilities are average.
Madurai,The locality is developing gradually.
Madurai,The neighborhood has both good and bad areas.
Madurai,The area has excellent schools and hospitals.
Tirunelveli,The area is expensive compared with nearby locations.
Coimbatore,The area has moderate traffic.
Trichy,Public transport is easily available.
Chennai,Excellent transportation facilities and good roads.
Madurai,Good residential area with a peaceful environment.
Trichy,Some parts are quiet while others are busy.
Bangalore,The area is very crowded during peak hours.
Trichy,The area has a friendly community.
Tirunelveli,Many shops and restaurants are nearby.
Salem,Good residential area with a peaceful environment.
Tirunelveli,The area is very crowded during peak hours.
Pune,Traffic congestion is a major problem.
Bangalore,Some parts are quiet while others are busy.
Kochi,The neighborhood is noisy at night.
Kochi,Good residential area with a peaceful environment.
Trichy,Public transport is easily available.
Bangalore,The area has excellent schools and hospitals.
Pune,There are many parks and recreational areas.
Hyderabad,Good residential area with a peaceful environment.
Coimbatore,The area can be noisy and crowded.
Madurai,The area can be noisy and crowded.
Pune,There are many parks and recreational areas.
Kochi,The streets are clean and well maintained.
Hyderabad,A pleasant place to live with good facilities.
Salem,The locality is modern and comfortable.
Bangalore,Excellent transportation facilities and good roads.
Pune,Good residential area with a peaceful environment.
Chennai,The neighborhood is beautiful and well maintained.
Bangalore,The area is very crowded during peak hours.
Salem,The roads need improvement.
Tirunelveli,The neighborhood has both good and bad areas.
Hyderabad,The streets are clean and well maintained.
Kochi,The neighborhood is clean and peaceful.
Chennai,Some roads are damaged.
Chennai,Some parts are quiet while others are busy.
Madurai,The area has a friendly community.
Kochi,Some parts are quiet while others are busy.
Chennai,The neighborhood is beautiful and well maintained.
Madurai,The area has excellent schools and hospitals.
Hyderabad,Public transport is easily available.
Salem,The locality needs better infrastructure.
Bangalore,Very convenient location for families.
Hyderabad,Traffic congestion is a major problem.
Coimbatore,Good residential area with a peaceful environment.
Pune,Public transport is easily available.
Madurai,Facilities are available but could be improved.
Chennai,There is too much pollution in this area.
Trichy,There are frequent traffic problems.
Kochi,The streets are clean and well maintained.
Chennai,The location is average for residential purposes.
Chennai,Many shops and restaurants are nearby.
Hyderabad,There are limited parking facilities.
Bangalore,The area has a friendly community.
Trichy,The area can be noisy and crowded.
Trichy,Very good connectivity to the city.
Coimbatore,The roads need improvement.
Kochi,Waste management needs improvement.
Salem,Excellent transportation facilities and good roads.
Kochi,Very good connectivity to the city.
Madurai,The streets are clean and well maintained.
Salem,A pleasant place to live with good facilities.
Tirunelveli,Excellent transportation facilities and good roads.
Bangalore,The area has moderate traffic.
Coimbatore,The area has moderate traffic.
Bangalore,The neighborhood is beautiful and well maintained.
Tirunelveli,Very good connectivity to the city.
Trichy,Some parts are quiet while others are busy.
Tirunelveli,Schools and shops are available nearby.
Tirunelveli,Parking is difficult to find.
Tirunelveli,Public transportation can be difficult during peak hours.
Madurai,The neighborhood has both good and bad areas.
Trichy,The neighborhood is clean and peaceful.
Salem,Very convenient location for families.
Kochi,Some parts are quiet while others are busy.
Chennai,Public transport is easily available.
Tirunelveli,Very good connectivity to the city.
Pune,Excellent transportation facilities and good roads.
Chennai,Good residential area with a peaceful environment.
Pune,The streets are clean and well maintained.
Bangalore,Public transport is easily available.
Salem,The streets are clean and well maintained.
Kochi,Good residential area with a peaceful environment.
Tirunelveli,The neighborhood is suitable for some families.
Tirunelveli,The area has a friendly community.
Salem,Very safe area with friendly people.
Trichy,The locality is modern and comfortable.
Madurai,The area has excellent schools and hospitals.
Bangalore,The area has moderate traffic.
Pune,A pleasant place to live with good facilities.
Coimbatore,Overall facilities are average.
Coimbatore,There are many parks and recreational areas.
Chennai,Very safe area with friendly people.
Bangalore,The roads need improvement.
Salem,Overall facilities are average.
Trichy,The location is average for residential purposes.
Tirunelveli,There are many parks and recreational areas.
Kochi,The area has moderate traffic.
Kochi,The streets are clean and well maintained.
Chennai,The neighborhood is clean and peaceful.
Kochi,The neighborhood is beautiful and well maintained.
Bangalore,Many shops and restaurants are nearby.
Hyderabad,Very good connectivity to the city.
Bangalore,A pleasant place to live with good facilities.
Tirunelveli,There is too much pollution in this area.
Bangalore,The locality needs better infrastructure.
Trichy,There is too much pollution in this area.
Madurai,The area has excellent schools and hospitals.
Bangalore,Transportation is available in most areas.
Trichy,The locality needs better infrastructure.
Trichy,Excellent transportation facilities and good roads.
Bangalore,Facilities are available but could be improved.
Pune,Some parts are quiet while others are busy.
Trichy,Transportation is available in most areas.
Trichy,Very safe area with friendly people.
Madurai,There is too much pollution in this area.
Salem,Many shops and restaurants are nearby.
Coimbatore,Many shops and restaurants are nearby.
Pune,Parking is difficult to find.
Hyderabad,Some roads are damaged.
Coimbatore,Good residential area with a peaceful environment.
Tirunelveli,There is too much pollution in this area.
Madurai,The area has a friendly community.
Madurai,Some roads are damaged.
Madurai,The location is average for residential purposes.
Trichy,Excellent transportation facilities and good roads.
Kochi,There are limited parking facilities.
Pune,Schools and shops are available nearby.
Chennai,The area has excellent schools and hospitals.
Trichy,The locality needs better infrastructure.
Coimbatore,The neighborhood is clean and peaceful.
Chennai,The neighborhood is clean and peaceful.
Bangalore,The location is average for residential purposes.
Tirunelveli,Facilities are available but could be improved.
Tirunelveli,Excellent transportation facilities and good roads.
Madurai,The locality is modern and comfortable.
Chennai,The neighborhood has both good and bad areas.
Coimbatore,There are limited parking facilities.
Trichy,Good residential area with a peaceful environment.
Tirunelveli,Public transportation can be difficult during peak hours.
Chennai,The neighborhood is not well maintained.
Hyderabad,The area has excellent schools and hospitals.
Hyderabad,Very convenient location for families.
Salem,The neighborhood is suitable for some families.
Coimbatore,Good residential area with a peaceful environment.
Coimbatore,Good residential area with a peaceful environment.
Tirunelveli,Good residential area with a peaceful environment.
Coimbatore,The area has moderate traffic.
Coimbatore,Very good connectivity to the city.
Trichy,There are many parks and recreational areas.
Coimbatore,There are limited parking facilities.
Coimbatore,Very good connectivity to the city.
Bangalore,Some roads are damaged.
Pune,There are frequent traffic problems.
Bangalore,There are limited parking facilities.
Coimbatore,Some parts are quiet while others are busy.
Kochi,Transportation is available in most areas.
Hyderabad,Some roads are damaged.
Trichy,The area is very crowded during peak hours.
Trichy,The roads need improvement.
Madurai,The streets are clean and well maintained.
Bangalore,Public transportation can be difficult during peak hours.
Madurai,The locality needs better infrastructure.
Hyderabad,The area is very crowded during peak hours.
Pune,The area is expensive compared with nearby locations.
Chennai,The location is average for residential purposes.
Bangalore,Many shops and restaurants are nearby.
Pune,Waste management needs improvement.
Chennai,Very safe area with friendly people.
Chennai,There are limited parking facilities.
Hyderabad,The neighborhood is beautiful and well maintained.
Trichy,The neighborhood is not well maintained.
Hyderabad,Some parts are quiet while others are busy.
Coimbatore,The area can be noisy and crowded.
Salem,The neighborhood is clean and peaceful.
Trichy,There are many parks and recreational areas.
Pune,Schools and shops are available nearby.
Hyderabad,Facilities are available but could be improved.
Trichy,The area is very crowded during peak hours.
Tirunelveli,The neighborhood is clean and peaceful.
Chennai,Many shops and restaurants are nearby.
Hyderabad,The neighborhood is noisy at night.
Chennai,The neighborhood is noisy at night.
Bangalore,The area can be noisy and crowded.
Trichy,The neighborhood is not well maintained.
Pune,Some parts are quiet while others are busy.
Madurai,Some roads are damaged.
Salem,Many shops and restaurants are nearby.
Bangalore,Facilities are available but could be improved.
Kochi,The locality is modern and comfortable.
Tirunelveli,The locality is modern and comfortable.
Pune,The area can be noisy and crowded.
Salem,Very safe area with friendly people.
Pune,The area has moderate traffic.
Tirunelveli,There are many parks and recreational areas.
Hyderabad,The neighborhood is noisy at night.
Hyderabad,Very convenient location for families.
Chennai,The area is very crowded during peak hours.
Madurai,Transportation is available in most areas.
Hyderabad,The area has moderate traffic.
Pune,Good residential area with a peaceful environment.
Tirunelveli,Facilities are available but could be improved.
Bangalore,Parking is difficult to find.
Kochi,The neighborhood is suitable for some families.
Hyderabad,Many shops and restaurants are nearby.
Hyderabad,The area is very crowded during peak hours.
Pune,There are many parks and recreational areas.
Hyderabad,Some roads are damaged.
Pune,There are many parks and recreational areas.
Salem,Very convenient location for families.
Madurai,A pleasant place to live with good facilities.
Madurai,The area is very crowded during peak hours.
Madurai,A pleasant place to live with good facilities.
Trichy,The area has a friendly community.
Kochi,Some parts are quiet while others are busy.
Tirunelveli,Parking is difficult to find.
Hyderabad,The roads need improvement.
Pune,Public transport is easily available.
Hyderabad,The neighborhood is clean and peaceful.
Salem,Good residential area with a peaceful environment.
Pune,Traffic congestion is a major problem.
Hyderabad,The neighborhood has both good and bad areas.
Chennai,Very good connectivity to the city.
Coimbatore,Many shops and restaurants are nearby.
Hyderabad,The neighborhood is clean and peaceful.
Pune,The neighborhood is not well maintained.
Madurai,The neighborhood is beautiful and well maintained.
Madurai,Many shops and restaurants are nearby.
Salem,Very good connectivity to the city.
Madurai,There are many parks and recreational areas.
Trichy,The area is expensive compared with nearby locations.
Tirunelveli,Good residential area with a peaceful environment.
Trichy,Very convenient location for families.
Coimbatore,There are limited parking facilities.
Trichy,The locality is developing gradually.
Pune,The locality needs better infrastructure.
Tirunelveli,Overall facilities are average.
Hyderabad,Public transportation can be difficult during peak hours.
Kochi,The area has excellent schools and hospitals.
Coimbatore,Parking is difficult to find.
Salem,Overall facilities are average.
Bangalore,The area has moderate traffic.
Salem,The area has moderate traffic.
Chennai,Parking is difficult to find.
Coimbatore,Parking is difficult to find.
Hyderabad,Public transport is easily available.
Coimbatore,The area has excellent schools and hospitals.
Tirunelveli,There are many parks and recreational areas.
Tirunelveli,There are many parks and recreational areas.
Coimbatore,Excellent transportation facilities and good roads.
Kochi,The area can be noisy and crowded.
Hyderabad,Public transport is easily available.
Salem,There are many parks and recreational areas.
Pune,The area can be noisy and crowded.
Madurai,The neighborhood is not well maintained.
Tirunelveli,The area has excellent schools and hospitals.
Pune,The locality is developing gradually.
Tirunelveli,There are frequent traffic problems.
Pune,The area has a friendly community.
Madurai,Very good connectivity to the city.
Madurai,The area has a friendly community.
Hyderabad,The neighborhood is noisy at night.
Madurai,Public transport is easily available.
Tirunelveli,Many shops and restaurants are nearby.
Madurai,The streets are clean and well maintained.
Kochi,Some roads are damaged.
Madurai,The locality is developing gradually.
Salem,The area has moderate traffic.
Hyderabad,Some parts are quiet while others are busy.
Kochi,The area can be noisy and crowded.
Chennai,A pleasant place to live with good facilities.
Kochi,Good residential area with a peaceful environment.
Coimbatore,The neighborhood is clean and peaceful.
Tirunelveli,The neighborhood is suitable for some families.
Trichy,There are many parks and recreational areas.
Hyderabad,Waste management needs improvement.
Salem,The streets are clean and well maintained.
Coimbatore,The locality needs better infrastructure.
Salem,The neighborhood is beautiful and well maintained.
Salem,Many shops and restaurants are nearby.
Chennai,Good residential area with a peaceful environment.
Coimbatore,The locality is modern and comfortable.
Kochi,Public transportation can be difficult during peak hours.
Pune,The streets are clean and well maintained.
Bangalore,Very convenient location for families.
Coimbatore,The location is average for residential purposes.
Tirunelveli,Traffic congestion is a major problem.
Coimbatore,The area is expensive compared with nearby locations.
Madurai,The locality is developing gradually.
Tirunelveli,Some parts are quiet while others are busy.
Kochi,Very safe area with friendly people.
Pune,Public transportation can be difficult during peak hours.
Hyderabad,Very good connectivity to the city.
Pune,Very good connectivity to the city.
Chennai,Transportation is available in most areas.
Chennai,Facilities are available but could be improved.
Coimbatore,Public transportation can be difficult during peak hours.
Hyderabad,Public transport is easily available.
Hyderabad,Very good connectivity to the city.
Madurai,A pleasant place to live with good facilities.
Kochi,Public transport is easily available.
Hyderabad,Schools and shops are available nearby.
Bangalore,The neighborhood has both good and bad areas.
Hyderabad,Public transport is easily available.
Pune,Some roads are damaged.
Coimbatore,The area is very crowded during peak hours.
Bangalore,Public transport is easily available.
Coimbatore,The area has a friendly community.
Kochi,Public transport is easily available.
Coimbatore,There are many parks and recreational areas.
Hyderabad,The area has excellent schools and hospitals.
Salem,Overall facilities are average.
Kochi,Some roads are damaged.
Chennai,The area has excellent schools and hospitals.
Hyderabad,The neighborhood is clean and peaceful.
Salem,The locality is modern and comfortable.
Coimbatore,There are many parks and recreational areas.
Salem,Very convenient location for families.
Coimbatore,The area has moderate traffic.
Bangalore,The neighborhood is beautiful and well maintained.
Madurai,The area is very crowded during peak hours.
Trichy,The streets are clean and well maintained.
Madurai,Transportation is available in most areas.
Salem,Very good connectivity to the city.
Coimbatore,The location is average for residential purposes.
Madurai,The neighborhood is suitable for some families.
Hyderabad,The neighborhood has both good and bad areas.
Tirunelveli,Excellent transportation facilities and good roads.
Kochi,Excellent transportation facilities and good roads.
Salem,The roads need improvement.
Bangalore,Good residential area with a peaceful environment.
Pune,There are frequent traffic problems.
Salem,Very good connectivity to the city.
Kochi,Good residential area with a peaceful environment.
Trichy,The neighborhood is not well maintained.
Salem,The neighborhood is clean and peaceful.
Madurai,Parking is difficult to find.
Pune,The locality needs better infrastructure.
Coimbatore,Transportation is available in most areas.
Tirunelveli,Some roads are damaged.
Salem,The neighborhood is suitable for some families.
Bangalore,The area has excellent schools and hospitals.
Tirunelveli,Schools and shops are available nearby.
Bangalore,The neighborhood is beautiful and well maintained.
Salem,The location is average for residential purposes.
Hyderabad,Public transport is easily available.
Pune,The area has moderate traffic.
Bangalore,Overall facilities are average.
Madurai,The neighborhood is suitable for some families.
Coimbatore,Public transport is easily available.
Chennai,Good residential area with a peaceful environment.
Tirunelveli,There are frequent traffic problems.
Pune,There are frequent traffic problems.
Madurai,Very convenient location for families.
Trichy,The neighborhood is noisy at night.
Hyderabad,Very safe area with friendly people.
Kochi,The neighborhood is suitable for some families.
Pune,The neighborhood has both good and bad areas.
Madurai,The area has moderate traffic.
Madurai,Some parts are quiet while others are busy.
Kochi,The location is average for residential purposes.
Trichy,The neighborhood is clean and peaceful.
Pune,The location is average for residential purposes.
Trichy,The neighborhood is beautiful and well maintained.
Coimbatore,The neighborhood is suitable for some families.
Pune,Public transportation can be difficult during peak hours.
Tirunelveli,A pleasant place to live with good facilities.
Coimbatore,There are many parks and recreational areas.
Hyderabad,Very safe area with friendly people.
Tirunelveli,Very convenient location for families.
Kochi,There are many parks and recreational areas.
Kochi,Some parts are quiet while others are busy.
Pune,The neighborhood is clean and peaceful.
Kochi,There is too much pollution in this area.
Madurai,Some parts are quiet while others are busy.
Kochi,The neighborhood has both good and bad areas.
Hyderabad,Public transport is easily available.
Salem,Overall facilities are average.
Bangalore,The locality needs better infrastructure.
Trichy,Waste management needs improvement.
Chennai,The area has excellent schools and hospitals.
Madurai,There are limited parking facilities.
Madurai,The neighborhood has both good and bad areas.
Kochi,Excellent transportation facilities and good roads.
Coimbatore,Excellent transportation facilities and good roads.
Hyderabad,Excellent transportation facilities and good roads.
Trichy,The area has a friendly community.
Madurai,Some roads are damaged.
Salem,The neighborhood is beautiful and well maintained.
Trichy,The area is very crowded during peak hours.
Coimbatore,Very good connectivity to the city.
Salem,Excellent transportation facilities and good roads.
Hyderabad,Public transport is easily available.
Salem,The neighborhood is beautiful and well maintained.
Hyderabad,The area has excellent schools and hospitals.
Salem,Some roads are damaged.
Trichy,The area has excellent schools and hospitals.
Hyderabad,Excellent transportation facilities and good roads.
Tirunelveli,Waste management needs improvement.
Chennai,Public transport is easily available.
Coimbatore,The area has moderate traffic.
Coimbatore,The area is very crowded during peak hours.
Pune,The locality is developing gradually.
Trichy,Very safe area with friendly people.
Salem,The neighborhood is not well maintained.
Bangalore,The location is average for residential purposes.
Salem,The roads need improvement.
Hyderabad,The area is expensive compared with nearby locations.
Hyderabad,The area is very crowded during peak hours.
Coimbatore,The locality needs better infrastructure.
Chennai,There is too much pollution in this area.
Trichy,There are many parks and recreational areas.
Chennai,The neighborhood is not well maintained.
Pune,Very convenient location for families.
Coimbatore,The locality is modern and comfortable.
Kochi,The streets are clean and well maintained.
Kochi,The neighborhood has both good and bad areas.
Bangalore,Some roads are damaged.
Tirunelveli,The location is average for residential purposes.
Pune,There are limited parking facilities.
Tirunelveli,There is too much pollution in this area.
Madurai,The location is average for residential purposes.
Tirunelveli,The roads need improvement.
Hyderabad,Transportation is available in most areas.
Chennai,The locality is developing gradually.
Tirunelveli,There are many parks and recreational areas.
Tirunelveli,Very safe area with friendly people.
Hyderabad,The neighborhood is beautiful and well maintained.
Hyderabad,Some parts are quiet while others are busy.
Chennai,The area has a friendly community.
Pune,The area has a friendly community.
Salem,Very safe area with friendly people.
Hyderabad,Facilities are available but could be improved.
Salem,The area is very crowded during peak hours.
Coimbatore,The neighborhood is clean and peaceful.
Hyderabad,Good residential area with a peaceful environment.
