area,bedrooms,bathrooms,location,property_type,age,parking,price
1460,2,3,Kochi,Independent House,17,2,8671000
1894,3,3,Pune,Apartment,5,1,12254000
1730,1,1,Salem,Apartment,26,2,4738000
1695,2,2,Madurai,Apartment,19,1,6483000
2238,1,1,Coimbatore,Apartment,0,2,10079000
2769,2,2,Chennai,Apartment,0,3,18183000
1066,3,4,Madurai,Independent House,11,1,6220000
1838,3,3,Bangalore,Apartment,20,2,13614000
930,4,4,Coimbatore,Apartment,27,2,5540000
2082,2,2,Madurai,Apartment,1,3,8940000
2735,4,3,Trichy,Apartment,3,2,11964000
730,3,3,Pune,Villa,16,1,6706000
2285,3,3,Madurai,Apartment,3,1,10812000
1369,4,4,Salem,Apartment,10,0,5521000
2991,5,6,Kochi,Apartment,21,2,18718000
2115,2,1,Trichy,Apartment,25,0,6112000
3453,2,2,Chennai,Apartment,3,2,22747000
3033,4,3,Chennai,Apartment,0,1,23539000
1815,3,3,Chennai,Villa,6,1,18067000
1555,1,2,Chennai,Independent House,29,1,9227000
2924,4,3,Kochi,Apartment,17,2,15503000
1784,4,4,Madurai,Independent House,8,1,11158000
1059,4,4,Hyderabad,Apartment,28,1,7048000
621,4,4,Madurai,Apartment,2,1,3126000
2900,4,3,Bangalore,Independent House,7,1,27067000
1347,2,2,Pune,Apartment,28,1,6276000
1074,2,2,Coimbatore,Independent House,23,2,5406000
1682,3,2,Hyderabad,Apartment,18,1,10180000
3158,4,5,Hyderabad,Apartment,3,0,25779000
2647,2,2,Madurai,Apartment,17,2,10594000
3347,3,3,Hyderabad,Villa,19,3,25874000
1575,3,4,Tirunelveli,Villa,26,1,6246000
2406,3,3,Tirunelveli,Villa,10,1,10990000
789,3,3,Bangalore,Apartment,26,2,5064000
3334,4,4,Coimbatore,Apartment,13,3,20339000
1162,3,3,Salem,Apartment,24,2,4654000
2499,3,4,Kochi,Apartment,17,1,12320000
1867,3,3,Madurai,Independent House,27,1,8941000
3479,3,4,Kochi,Apartment,27,2,16120000
2128,2,2,Salem,Independent House,28,1,7017000
1246,2,2,Madurai,Independent House,15,1,5836000
2668,3,3,Madurai,Apartment,2,2,12284000
3488,1,2,Coimbatore,Villa,14,2,18588000
2814,2,3,Kochi,Apartment,26,1,12056000
1897,3,4,Tirunelveli,Apartment,26,2,6392000
3035,3,3,Chennai,Apartment,30,1,17668000
1200,2,2,Kochi,Villa,3,1,7879000
2963,3,4,Pune,Apartment,4,2,23641000
2661,3,4,Pune,Apartment,16,1,18753000
841,2,2,Madurai,Apartment,6,1,3705000
2641,4,4,Chennai,Apartment,15,3,19587000
3424,3,4,Trichy,Villa,13,1,20956000
3212,3,2,Salem,Independent House,25,1,11765000
1963,3,4,Bangalore,Apartment,15,3,15871000
2739,5,6,Chennai,Apartment,6,2,23417000
1990,4,4,Bangalore,Villa,8,2,24366000
2078,3,3,Kochi,Apartment,3,2,11138000
3156,4,5,Kochi,Villa,29,1,20879000
1375,2,3,Bangalore,Apartment,29,2,8273000
634,2,3,Salem,Apartment,21,1,2063000
2853,3,3,Chennai,Apartment,10,2,21387000
2555,3,4,Trichy,Apartment,1,1,12820000
2185,4,5,Madurai,Villa,11,1,16142000
1621,2,2,Coimbatore,Apartment,11,1,7425000
3213,3,2,Kochi,Independent House,29,1,16842000
1729,2,2,Pune,Independent House,3,2,13905000
2100,3,2,Salem,Apartment,17,1,7263000
1302,3,3,Coimbatore,Independent House,25,1,6778000
3049,3,3,Trichy,Apartment,20,1,12065000
3377,3,4,Hyderabad,Apartment,30,1,20429000
2179,3,3,Madurai,Villa,6,2,13990000
761,3,4,Kochi,Apartment,28,2,3677000
801,4,4,Madurai,Villa,0,2,6029000
2581,1,1,Coimbatore,Apartment,30,3,8941000
1595,3,3,Madurai,Villa,25,2,8925000
2917,3,3,Hyderabad,Independent House,25,1,20726000
1415,3,3,Coimbatore,Independent House,22,2,7922000
1055,3,3,Kochi,Villa,25,3,7347000
1875,4,4,Chennai,Villa,12,1,19088000
1616,5,4,Pune,Villa,5,2,20032000
2943,2,3,Coimbatore,Villa,5,2,20630000
3367,2,2,Tirunelveli,Apartment,11,1,9477000
937,3,4,Hyderabad,Apartment,7,1,6368000
1478,2,2,Coimbatore,Apartment,23,1,6404000
1676,3,4,Coimbatore,Independent House,21,3,9724000
1391,4,4,Tirunelveli,Apartment,18,2,5178000
2864,2,3,Kochi,Apartment,4,1,14851000
1363,2,1,Coimbatore,Apartment,17,3,6690000
2835,2,1,Pune,Villa,30,1,16577000
979,3,2,Madurai,Villa,29,1,4849000
1092,3,2,Kochi,Apartment,4,2,5471000
1780,2,1,Pune,Apartment,29,2,9186000
2662,4,3,Kochi,Independent House,24,1,14247000
664,4,4,Pune,Apartment,9,1,5538000
3168,1,1,Hyderabad,Apartment,0,1,18284000
1967,3,4,Pune,Villa,9,1,18758000
1752,4,3,Bangalore,Independent House,4,1,18250000
2627,2,2,Pune,Apartment,11,1,14561000
3295,1,1,Chennai,Independent House,21,1,19561000
2095,1,1,Chennai,Independent House,29,1,12932000
1762,2,2,Salem,Apartment,26,0,5656000
2122,4,5,Bangalore,Independent House,6,1,21083000
3240,4,4,Bangalore,Independent House,8,2,34787000
991,2,2,Madurai,Independent House,21,2,4703000
2298,2,2,Bangalore,Villa,20,1,20162000
1018,2,2,Madurai,Apartment,11,0,3616000
2936,2,1,Salem,Apartment,22,1,8359000
978,4,3,Salem,Apartment,28,1,3387000
2396,2,2,Hyderabad,Apartment,0,1,16128000
2878,2,3,Chennai,Apartment,10,1,19283000
2688,2,2,Pune,Independent House,29,1,16209000
2782,3,4,Pune,Independent House,20,2,23309000
800,2,2,Tirunelveli,Villa,14,1,3356000
2463,3,2,Tirunelveli,Independent House,1,1,11274000
1379,2,3,Trichy,Independent House,19,2,6084000
1102,4,5,Kochi,Apartment,6,1,6383000
3054,3,2,Hyderabad,Apartment,20,1,18968000
2351,2,2,Trichy,Apartment,11,1,8654000
1404,3,2,Trichy,Villa,21,1,6519000
2746,4,5,Coimbatore,Apartment,17,2,15602000
3331,4,4,Coimbatore,Villa,2,1,26355000
2495,3,3,Trichy,Apartment,6,1,10723000
3373,3,2,Bangalore,Villa,10,1,36490000
2170,4,5,Kochi,Independent House,17,0,15648000
1560,3,3,Hyderabad,Villa,11,2,14934000
3260,1,2,Trichy,Independent House,5,2,13062000
2085,4,4,Pune,Independent House,4,1,19207000
3290,2,2,Kochi,Independent House,25,1,14438000
1628,3,3,Coimbatore,Independent House,0,1,12464000
1102,2,2,Pune,Independent House,11,2,7909000
3414,1,1,Coimbatore,Villa,26,1,17460000
997,2,2,Coimbatore,Apartment,30,0,4149000
1470,4,4,Kochi,Apartment,25,1,7337000
3442,2,2,Coimbatore,Villa,10,1,21719000
992,2,2,Salem,Apartment,3,1,4130000
806,2,2,Chennai,Apartment,26,0,4884000
1638,3,4,Salem,Independent House,17,1,7220000
2481,5,6,Chennai,Independent House,3,1,28510000
2084,3,3,Tirunelveli,Independent House,16,1,8853000
1463,3,3,Tirunelveli,Apartment,1,2,5030000
3390,4,3,Coimbatore,Apartment,28,0,16284000
1163,3,2,Hyderabad,Apartment,23,1,6032000
1620,2,1,Hyderabad,Apartment,21,2,8402000
695,2,2,Chennai,Apartment,1,1,4503000
2523,2,2,Pune,Apartment,11,1,14825000
2357,2,2,Kochi,Independent House,30,2,10431000
3132,3,2,Coimbatore,Villa,5,1,23319000
2878,4,4,Kochi,Apartment,9,3,18696000
3396,2,2,Salem,Apartment,24,1,11067000
2278,3,2,Hyderabad,Apartment,22,1,13706000
1140,3,2,Bangalore,Apartment,24,1,7817000
1659,2,1,Salem,Independent House,20,1,5604000
3172,4,4,Salem,Apartment,22,2,11724000
1783,3,3,Chennai,Apartment,26,2,12338000
2322,2,2,Madurai,Apartment,15,2,8744000
2419,3,4,Salem,Apartment,30,3,7778000
3225,3,3,Coimbatore,Villa,13,2,24178000
3329,3,3,Trichy,Villa,6,1,18543000
3204,3,3,Trichy,Villa,27,1,14633000
2197,3,3,Coimbatore,Apartment,27,1,11302000
3293,4,5,Madurai,Villa,18,0,22184000
1395,2,3,Madurai,Villa,22,2,7027000
1651,2,2,Chennai,Independent House,16,1,13419000
2243,1,1,Hyderabad,Apartment,8,0,11894000
1963,4,4,Kochi,Apartment,25,0,10208000
2581,2,2,Madurai,Villa,12,1,12269000
1954,4,3,Bangalore,Villa,21,1,18396000
2263,3,3,Chennai,Apartment,4,1,17785000
2129,4,3,Tirunelveli,Apartment,22,1,7550000
2638,5,4,Pune,Apartment,4,1,22606000
2096,4,4,Tirunelveli,Independent House,9,2,8996000
2837,4,4,Chennai,Apartment,20,1,19234000
2008,3,3,Salem,Independent House,26,1,8727000
2000,3,2,Kochi,Apartment,9,1,9439000
1906,2,2,Pune,Independent House,26,1,11973000
3280,2,2,Tirunelveli,Independent House,6,0,11051000
3275,3,3,Pune,Apartment,25,1,17611000
1572,3,4,Bangalore,Independent House,14,1,15231000
2368,2,2,Bangalore,Apartment,6,1,17703000
1882,3,3,Bangalore,Independent House,28,1,14400000
1309,4,3,Chennai,Villa,26,1,11229000
2079,3,4,Kochi,Apartment,14,2,11698000
2034,3,3,Chennai,Villa,2,1,20126000
1248,4,4,Trichy,Independent House,18,3,6866000
917,5,4,Salem,Apartment,9,1,4771000
1857,3,3,Salem,Villa,27,1,7813000
1283,4,3,Bangalore,Villa,28,2,13490000
1263,5,5,Trichy,Independent House,14,2,7138000
2598,4,5,Madurai,Apartment,2,1,14247000
2231,2,3,Madurai,Apartment,5,1,9380000
2095,3,4,Bangalore,Apartment,11,0,18168000
1736,2,2,Tirunelveli,Villa,14,0,6457000
2453,1,1,Chennai,Apartment,5,1,14362000
2120,3,3,Bangalore,Independent House,12,1,21348000
3089,3,2,Hyderabad,Apartment,28,1,16449000
1163,4,4,Pune,Villa,18,1,10988000
1891,2,3,Salem,Apartment,2,2,7191000
2236,4,5,Madurai,Apartment,7,2,12257000
1298,3,3,Coimbatore,Apartment,7,3,6911000
2760,3,3,Madurai,Apartment,22,1,9987000
601,4,5,Salem,Villa,25,2,3483000
1241,3,4,Pune,Independent House,19,2,9511000
2867,2,2,Salem,Villa,14,1,14221000
2189,4,4,Coimbatore,Independent House,3,1,18198000
1454,2,2,Bangalore,Independent House,18,3,12150000
2359,1,1,Trichy,Villa,20,1,10175000
3032,4,4,Coimbatore,Independent House,2,1,24242000
2261,2,3,Salem,Villa,12,1,10094000
1753,4,4,Salem,Apartment,7,1,8262000
1676,2,3,Hyderabad,Villa,22,2,11699000
2307,4,5,Hyderabad,Apartment,15,1,15812000
3377,2,1,Kochi,Villa,12,1,21205000
2295,5,5,Hyderabad,Villa,2,1,26254000
2333,4,4,Chennai,Apartment,15,1,19264000
2039,2,3,Trichy,Apartment,8,1,7625000
2894,3,3,Pune,Independent House,27,1,20402000
1435,5,4,Coimbatore,Villa,13,2,11303000
802,3,4,Salem,Apartment,12,0,3244000
722,2,2,Kochi,Villa,20,1,4467000
1000,3,3,Kochi,Villa,24,2,6517000
1366,3,2,Pune,Apartment,6,1,8845000
893,3,3,Trichy,Independent House,14,2,4135000
2927,3,4,Coimbatore,Villa,6,2,21443000
797,3,3,Madurai,Apartment,5,2,4038000
2530,2,1,Hyderabad,Independent House,1,1,19803000
3399,3,3,Bangalore,Independent House,8,1,30328000
2791,3,3,Kochi,Apartment,21,1,13772000
1208,2,2,Hyderabad,Apartment,23,1,6773000
1747,4,4,Hyderabad,Apartment,16,2,12157000
786,3,3,Chennai,Villa,4,2,8636000
3111,3,2,Trichy,Villa,11,2,17908000
2394,4,4,Bangalore,Villa,0,3,29046000
1259,3,4,Madurai,Independent House,9,2,6919000
3411,4,4,Salem,Independent House,10,1,15897000
2555,3,3,Chennai,Apartment,15,1,19424000
3050,1,1,Hyderabad,Apartment,13,2,16611000
1969,3,2,Hyderabad,Apartment,7,1,13368000
2586,3,4,Tirunelveli,Apartment,23,0,7286000
2134,3,2,Bangalore,Villa,16,1,20283000
746,2,2,Bangalore,Independent House,24,2,5269000
2334,2,2,Tirunelveli,Apartment,17,1,6055000
2443,2,2,Bangalore,Villa,11,2,23390000
1088,2,2,Hyderabad,Independent House,24,2,7529000
2559,3,3,Kochi,Apartment,16,1,13665000
2263,2,2,Coimbatore,Apartment,27,0,9681000
3198,3,2,Hyderabad,Apartment,25,1,16014000
2985,3,2,Chennai,Apartment,13,2,19593000
1240,3,3,Trichy,Independent House,15,2,5944000
2402,4,5,Tirunelveli,Apartment,13,2,9740000
3120,3,2,Madurai,Apartment,8,1,14374000
2569,4,4,Salem,Apartment,3,1,11538000
2798,3,3,Madurai,Independent House,24,1,12849000
2038,2,2,Hyderabad,Apartment,22,2,9812000
2234,5,5,Chennai,Apartment,10,1,18885000
862,2,3,Hyderabad,Apartment,5,1,5475000
2387,1,1,Trichy,Apartment,14,1,7028000
2791,4,4,Kochi,Apartment,4,0,16594000
2993,1,2,Salem,Villa,10,1,13891000
1223,4,4,Trichy,Apartment,24,1,5134000
1616,3,3,Tirunelveli,Apartment,17,1,4792000
1480,4,4,Tirunelveli,Independent House,29,1,5299000
2649,3,3,Hyderabad,Apartment,12,2,16976000
1927,3,3,Chennai,Apartment,10,2,13806000
2901,4,5,Trichy,Apartment,13,1,13078000
1052,2,3,Pune,Independent House,27,2,7031000
1783,5,6,Chennai,Apartment,17,1,15504000
2656,2,2,Kochi,Independent House,26,1,13530000
2282,3,3,Tirunelveli,Independent House,27,2,7857000
3463,2,2,Hyderabad,Apartment,30,2,17773000
2855,3,2,Bangalore,Independent House,24,2,21989000
1754,2,3,Tirunelveli,Apartment,27,1,4371000
1003,4,4,Salem,Apartment,18,0,4036000
2799,4,3,Coimbatore,Independent House,23,2,17876000
2701,5,5,Bangalore,Villa,26,1,32180000
2296,2,3,Hyderabad,Villa,14,1,18857000
1227,3,3,Pune,Apartment,8,2,9385000
1186,3,4,Bangalore,Apartment,7,2,10860000
2248,2,2,Salem,Independent House,19,2,9064000
2043,2,2,Chennai,Apartment,27,1,11425000
2045,3,3,Pune,Apartment,0,2,15362000
703,3,3,Tirunelveli,Apartment,3,0,2736000
853,3,3,Pune,Apartment,13,0,5868000
3157,3,3,Trichy,Independent House,24,1,12772000
2096,1,1,Salem,Apartment,1,0,7244000
698,1,1,Bangalore,Independent House,15,1,4684000
2800,1,1,Trichy,Apartment,2,2,9893000
2484,5,4,Pune,Villa,25,1,21826000
2519,1,1,Trichy,Apartment,7,1,8843000
1477,2,3,Madurai,Apartment,5,1,6901000
937,2,2,Salem,Apartment,15,1,3106000
3469,4,4,Kochi,Apartment,23,1,16221000
1556,5,6,Chennai,Apartment,15,2,13166000
2304,4,4,Pune,Independent House,6,2,22256000
760,3,3,Salem,Villa,29,1,3341000
2203,3,4,Kochi,Apartment,12,2,11325000
3448,1,1,Kochi,Apartment,12,1,12990000
997,5,4,Hyderabad,Apartment,4,1,8108000
1900,4,3,Trichy,Villa,24,2,9789000
1415,3,3,Kochi,Independent House,19,1,8593000
2127,4,4,Madurai,Independent House,21,3,10656000
2519,3,2,Salem,Apartment,17,1,9259000
2015,3,3,Coimbatore,Apartment,14,2,10253000
1758,5,5,Coimbatore,Apartment,17,1,10971000
1818,4,4,Pune,Villa,1,1,18927000
1000,3,3,Tirunelveli,Villa,9,1,4920000
1239,3,2,Trichy,Villa,22,2,6811000
3335,1,1,Tirunelveli,Villa,12,1,12774000
1059,3,4,Kochi,Apartment,17,3,5853000
1554,1,1,Salem,Independent House,14,1,5573000
1069,3,2,Pune,Apartment,30,1,6226000
1645,5,5,Bangalore,Villa,11,1,21571000
3397,3,3,Kochi,Apartment,14,1,15964000
2293,3,3,Trichy,Apartment,12,2,10202000
2685,2,2,Coimbatore,Independent House,17,1,14555000
2877,2,2,Hyderabad,Independent House,14,2,18250000
1162,3,2,Salem,Independent House,24,1,4507000
3085,2,2,Chennai,Apartment,22,1,17110000
2399,2,3,Tirunelveli,Villa,10,2,10411000
2674,3,2,Pune,Apartment,18,1,15357000
825,4,4,Tirunelveli,Independent House,2,1,3769000
1397,3,4,Salem,Apartment,6,3,5766000
2931,1,1,Tirunelveli,Independent House,20,2,8895000
1559,3,3,Salem,Independent House,25,1,6738000
2104,3,3,Tirunelveli,Villa,13,1,9078000
1052,3,4,Madurai,Apartment,13,1,4351000
1415,3,3,Bangalore,Apartment,21,1,9291000
1258,2,1,Kochi,Independent House,12,2,7419000
1146,3,4,Kochi,Apartment,11,2,6354000
1815,3,2,Trichy,Independent House,23,1,7755000
616,4,4,Chennai,Apartment,8,1,4678000
1843,3,4,Chennai,Apartment,0,1,15806000
2805,3,3,Trichy,Independent House,18,1,13132000
3124,3,4,Hyderabad,Villa,10,0,26454000
1669,3,3,Kochi,Villa,22,1,9724000
3165,4,4,Hyderabad,Villa,21,1,27055000
2746,3,3,Salem,Apartment,22,1,10304000
2368,3,3,Salem,Independent House,23,1,10611000
1660,3,3,Coimbatore,Apartment,21,1,8441000
2927,3,4,Tirunelveli,Independent House,18,0,11851000
3144,3,4,Chennai,Independent House,17,1,24570000
901,4,5,Coimbatore,Apartment,11,1,5772000
780,3,3,Bangalore,Villa,22,1,7687000
1206,3,2,Trichy,Villa,27,1,5325000
1299,5,6,Trichy,Apartment,27,2,6460000
1592,1,1,Salem,Independent House,27,3,5064000
1739,2,3,Kochi,Apartment,26,2,7184000
790,2,2,Hyderabad,Apartment,0,1,5210000
2900,4,4,Chennai,Apartment,18,2,22452000
1580,1,1,Coimbatore,Apartment,27,2,6263000
2606,1,1,Hyderabad,Villa,26,0,14136000
1784,1,1,Coimbatore,Independent House,19,1,9134000
727,1,1,Tirunelveli,Villa,28,2,2494000
2665,1,1,Bangalore,Villa,29,1,18281000
2416,3,3,Bangalore,Apartment,16,0,19399000
2358,3,2,Hyderabad,Apartment,4,2,16462000
3213,2,2,Hyderabad,Apartment,25,2,15115000
1169,2,2,Hyderabad,Apartment,2,1,7716000
1946,1,1,Coimbatore,Villa,1,1,11203000
2495,2,1,Tirunelveli,Apartment,30,1,5493000
3333,3,3,Madurai,Apartment,2,2,15605000
1225,3,2,Hyderabad,Apartment,7,1,8741000
2286,1,1,Kochi,Independent House,15,1,10071000
754,3,4,Chennai,Independent House,5,2,7607000
3137,2,2,Chennai,Villa,12,1,25188000
2009,4,4,Coimbatore,Independent House,29,2,12909000
1384,3,3,Hyderabad,Independent House,22,1,9740000
845,3,3,Salem,Villa,27,1,4047000
2100,2,2,Trichy,Apartment,21,1,6715000
2305,4,4,Madurai,Independent House,21,1,12881000
3406,1,1,Kochi,Villa,15,1,19733000
1137,2,1,Tirunelveli,Villa,27,1,4034000
2490,2,3,Salem,Independent House,15,2,10541000
2441,2,2,Bangalore,Apartment,2,3,20027000
1520,5,4,Salem,Villa,27,3,7599000
3055,4,5,Coimbatore,Independent House,12,1,23452000
1124,2,2,Madurai,Apartment,13,1,4775000
3475,3,3,Pune,Villa,7,1,29550000
2129,5,5,Pune,Apartment,11,2,17290000
635,4,4,Hyderabad,Villa,22,1,5292000
1284,3,3,Hyderabad,Independent House,22,3,9462000
619,4,4,Coimbatore,Apartment,21,1,3607000
2968,5,4,Tirunelveli,Villa,20,3,14301000
3159,3,4,Hyderabad,Apartment,25,2,18473000
999,1,1,Trichy,Villa,7,2,4570000
3301,3,3,Madurai,Apartment,20,1,13000000
1571,4,3,Coimbatore,Independent House,24,0,8943000
2506,2,2,Chennai,Apartment,8,1,17847000
3118,4,4,Bangalore,Villa,0,1,35446000
1766,2,2,Coimbatore,Apartment,5,0,9581000
1715,1,1,Coimbatore,Independent House,22,1,8099000
1433,2,3,Pune,Independent House,18,1,9760000
2423,1,1,Kochi,Independent House,22,1,11169000
3374,5,5,Tirunelveli,Independent House,10,1,16640000
2582,4,4,Kochi,Independent House,10,1,17820000
1453,4,3,Trichy,Apartment,22,3,5714000
650,3,4,Chennai,Apartment,29,1,4111000
1174,2,2,Pune,Apartment,12,1,6683000
1748,3,4,Chennai,Independent House,10,1,14288000
2797,3,3,Trichy,Independent House,17,2,12920000
2961,3,4,Kochi,Apartment,22,0,12990000
3217,2,2,Coimbatore,Independent House,14,1,17265000
2952,3,3,Hyderabad,Villa,0,1,25761000
2315,3,4,Hyderabad,Villa,20,1,17652000
1281,5,4,Salem,Apartment,24,1,4956000
1437,4,4,Bangalore,Apartment,6,3,14489000
1677,3,3,Tirunelveli,Villa,22,3,6520000
3091,3,2,Trichy,Villa,26,0,14673000
3260,3,4,Bangalore,Apartment,12,1,23939000
2911,1,1,Tirunelveli,Villa,11,1,11275000
2195,4,3,Bangalore,Independent House,17,1,18955000
604,4,5,Kochi,Independent House,23,1,4293000
1726,3,2,Tirunelveli,Independent House,18,1,6514000
1819,2,1,Kochi,Apartment,14,3,7385000
1373,2,2,Coimbatore,Apartment,7,3,7826000
1476,3,4,Pune,Villa,18,0,12917000
1591,1,1,Kochi,Apartment,9,1,6331000
646,4,4,Hyderabad,Apartment,6,1,5179000
3470,1,1,Bangalore,Apartment,17,1,21639000
3303,2,1,Salem,Apartment,15,1,10579000
868,4,3,Madurai,Apartment,19,1,3760000
969,3,4,Tirunelveli,Apartment,26,2,3378000
1235,2,3,Trichy,Apartment,5,2,5422000
1729,2,2,Salem,Apartment,26,1,5696000
2293,1,1,Hyderabad,Villa,8,2,16861000
2282,3,3,Kochi,Villa,20,1,13891000
1256,1,1,Pune,Villa,12,1,9688000
719,3,2,Coimbatore,Apartment,24,1,3172000
1430,5,4,Madurai,Apartment,30,1,5957000
2410,2,1,Chennai,Villa,20,1,18590000
1681,4,4,Salem,Villa,25,1,8705000
2574,5,5,Pune,Apartment,7,3,19804000
1969,1,1,Chennai,Apartment,15,1,11431000
1340,4,4,Madurai,Independent House,12,1,7594000
716,3,4,Trichy,Apartment,12,1,3094000
2453,4,5,Trichy,Apartment,16,2,11948000
3438,3,3,Bangalore,Villa,22,1,31496000
1750,3,2,Madurai,Apartment,19,3,6604000
2531,3,3,Madurai,Apartment,4,2,11188000
1612,4,4,Chennai,Apartment,21,1,12867000
2264,3,3,Pune,Independent House,20,2,15461000
1681,3,3,Tirunelveli,Apartment,27,0,4658000
1233,4,5,Chennai,Apartment,16,1,9790000
1112,2,2,Coimbatore,Apartment,27,2,4870000
3449,2,2,Trichy,Independent House,8,0,13958000
1719,2,2,Trichy,Apartment,1,1,6973000
1741,2,2,Bangalore,Independent House,24,1,12513000
1159,2,2,Coimbatore,Apartment,25,1,5492000
1087,4,4,Trichy,Independent House,17,3,5628000
1496,2,1,Chennai,Independent House,8,1,11108000
1812,3,4,Coimbatore,Apartment,5,2,10718000
1303,2,2,Chennai,Apartment,10,1,8355000
2070,4,4,Tirunelveli,Apartment,24,2,7274000
1180,5,5,Tirunelveli,Apartment,28,1,3958000
3437,3,3,Trichy,Villa,5,1,18984000
2894,4,5,Trichy,Apartment,5,2,15190000
753,1,1,Pune,Apartment,12,1,4044000
2279,4,4,Tirunelveli,Apartment,10,1,8454000
1596,2,2,Salem,Independent House,13,1,6149000
3344,4,5,Salem,Apartment,1,2,15209000
1843,1,1,Bangalore,Apartment,7,1,10494000
1692,3,3,Tirunelveli,Apartment,2,3,5978000
1608,4,4,Chennai,Independent House,22,1,14110000
2741,2,2,Chennai,Villa,20,1,23625000
2373,2,1,Hyderabad,Apartment,2,2,13701000
1557,1,1,Coimbatore,Apartment,0,2,7235000
1052,2,1,Kochi,Apartment,23,2,4081000
1827,3,3,Salem,Apartment,18,3,6862000
2865,2,2,Trichy,Independent House,17,1,10918000
3121,2,1,Bangalore,Independent House,16,1,25640000
3079,1,1,Kochi,Apartment,19,0,11886000
2988,4,4,Madurai,Independent House,28,2,16432000
1150,2,2,Bangalore,Apartment,23,2,7900000
2235,2,2,Madurai,Villa,12,1,11679000
1912,1,1,Tirunelveli,Independent House,2,1,6633000
2357,3,3,Madurai,Apartment,29,0,8083000
956,4,4,Madurai,Independent House,0,2,6298000
2670,2,2,Pune,Apartment,3,1,18466000
2385,2,2,Pune,Apartment,24,1,11537000
3169,4,5,Pune,Apartment,12,1,25729000
2381,4,4,Tirunelveli,Apartment,16,2,8392000
3449,2,2,Kochi,Villa,27,2,20034000
3409,4,4,Bangalore,Independent House,29,1,31958000
3089,4,4,Bangalore,Villa,10,1,37054000
2231,2,2,Trichy,Independent House,1,1,11127000
3416,4,4,Pune,Independent House,24,2,26741000
1615,3,2,Tirunelveli,Apartment,15,3,5803000
1948,3,3,Trichy,Apartment,1,1,9620000
1115,1,2,Coimbatore,Apartment,28,0,4409000
3439,1,2,Trichy,Villa,18,0,14981000
935,4,3,Kochi,Independent House,22,1,5819000
2382,5,5,Salem,Apartment,18,2,11447000
2905,3,3,Madurai,Villa,24,0,15208000
1096,3,3,Pune,Villa,15,1,10214000
1495,3,3,Salem,Villa,21,1,7215000
2807,3,3,Trichy,Apartment,18,0,9822000
1451,2,2,Tirunelveli,Apartment,8,1,4458000
2287,1,1,Madurai,Apartment,0,1,8607000
2531,4,5,Bangalore,Apartment,9,1,21071000
3337,2,2,Chennai,Apartment,18,2,18682000
3027,4,4,Madurai,Villa,0,1,21839000
2168,2,2,Kochi,Apartment,1,1,9999000
1556,1,1,Kochi,Independent House,15,3,7377000
3338,2,1,Trichy,Apartment,11,1,12419000
2236,3,3,Coimbatore,Villa,7,2,18640000
1891,4,3,Kochi,Apartment,22,0,9756000
2040,2,3,Kochi,Villa,17,0,13592000
1791,4,4,Tirunelveli,Independent House,1,0,8933000
1666,3,3,Trichy,Apartment,24,1,5926000
884,4,5,Madurai,Apartment,28,1,4015000
3044,2,2,Coimbatore,Independent House,12,3,18505000
611,4,4,Salem,Apartment,5,1,2804000
2230,4,3,Chennai,Apartment,20,1,14353000
3146,2,2,Pune,Apartment,25,1,17180000
1353,2,2,Bangalore,Apartment,5,1,8945000
2682,4,3,Kochi,Villa,8,1,21021000
3374,5,6,Trichy,Apartment,15,1,15648000
3496,1,2,Pune,Independent House,10,2,23687000
689,3,4,Bangalore,Independent House,6,3,7304000
1375,4,5,Bangalore,Villa,30,1,12361000
3252,4,4,Salem,Villa,9,1,18571000
2225,5,5,Salem,Independent House,9,3,13351000
1017,4,4,Salem,Apartment,29,2,4206000
714,3,3,Hyderabad,Independent House,24,1,5384000
1216,2,2,Hyderabad,Independent House,19,3,8157000
1425,2,2,Bangalore,Villa,17,0,13035000
2249,3,4,Salem,Villa,27,3,10408000
2116,3,2,Tirunelveli,Apartment,23,0,5869000
1012,2,2,Kochi,Apartment,19,1,4170000
1328,4,3,Pune,Independent House,28,2,10069000
3408,3,3,Pune,Apartment,8,1,22506000
1275,3,2,Hyderabad,Independent House,30,1,7334000
2492,3,3,Bangalore,Apartment,14,1,19432000
3104,3,3,Trichy,Apartment,3,3,14605000
2839,2,2,Madurai,Apartment,30,2,9205000
3386,2,3,Madurai,Apartment,7,2,13207000
1722,1,1,Hyderabad,Apartment,8,1,8882000
2171,2,3,Trichy,Apartment,12,2,8367000
1577,3,3,Hyderabad,Independent House,8,1,12972000
1608,3,4,Madurai,Villa,25,1,8390000
2743,1,1,Trichy,Apartment,3,2,10079000
2287,4,4,Salem,Villa,16,1,13610000
3310,2,2,Bangalore,Independent House,15,0,24839000
636,4,4,Pune,Villa,14,0,6734000
2148,5,5,Tirunelveli,Apartment,2,1,9277000
2926,2,2,Coimbatore,Independent House,24,2,14487000
2864,3,2,Bangalore,Independent House,19,1,23384000
1472,1,1,Salem,Apartment,4,2,4596000
2421,3,3,Madurai,Apartment,22,1,8924000
1896,3,3,Salem,Villa,4,1,10376000
2709,2,2,Hyderabad,Apartment,19,1,15269000
1195,3,2,Trichy,Independent House,14,2,6265000
2503,2,3,Pune,Apartment,17,1,15256000
1328,2,2,Kochi,Independent House,14,3,6931000
1965,3,3,Hyderabad,Villa,1,2,19365000
996,2,2,Bangalore,Apartment,28,1,6108000
1298,3,3,Hyderabad,Apartment,12,1,8875000
2824,3,3,Bangalore,Villa,3,3,33768000
2235,5,6,Kochi,Independent House,9,2,19027000
995,2,2,Chennai,Independent House,12,0,7426000
3092,3,3,Pune,Apartment,9,1,21872000
675,3,2,Tirunelveli,Apartment,28,2,2039000
864,2,3,Tirunelveli,Apartment,30,2,2771000
3102,5,5,Coimbatore,Villa,8,1,26310000
2419,3,3,Salem,Apartment,7,2,8922000
1317,3,3,Chennai,Apartment,2,3,9865000
3382,4,3,Tirunelveli,Villa,15,1,16692000
1450,5,5,Hyderabad,Independent House,30,2,11418000
1990,4,4,Salem,Apartment,13,0,8204000
743,3,3,Chennai,Apartment,8,0,5948000
1484,3,3,Trichy,Villa,29,1,7634000
995,2,1,Trichy,Villa,20,0,4169000
2092,2,1,Salem,Apartment,10,2,6808000
1767,3,4,Bangalore,Independent House,2,0,19417000
3216,1,1,Bangalore,Independent House,4,1,26820000
1662,3,3,Hyderabad,Apartment,28,1,9254000
2756,2,2,Chennai,Apartment,9,1,18520000
1665,2,2,Chennai,Apartment,12,0,10024000
1809,4,3,Salem,Independent House,3,2,10426000
3045,4,4,Madurai,Apartment,23,1,13594000
1233,1,2,Trichy,Villa,12,2,5842000
1756,3,3,Chennai,Villa,11,2,15732000
1838,4,4,Salem,Apartment,4,0,8961000
1332,1,1,Kochi,Villa,9,2,7819000
834,4,4,Coimbatore,Independent House,27,0,4794000
3305,2,1,Kochi,Apartment,23,1,13374000
1350,2,2,Pune,Apartment,8,0,8505000
3235,5,5,Hyderabad,Apartment,19,1,23589000
1553,2,1,Chennai,Independent House,6,1,12599000
3139,3,3,Pune,Independent House,1,2,27951000
2142,4,4,Tirunelveli,Apartment,21,1,7989000
1797,1,1,Pune,Independent House,23,2,9440000
2276,3,2,Salem,Apartment,27,1,6796000
1791,5,6,Chennai,Apartment,22,2,13799000
2817,2,2,Coimbatore,Apartment,6,1,14771000
2016,4,3,Salem,Apartment,7,1,8968000
3442,3,4,Salem,Apartment,6,1,15533000
3281,3,4,Hyderabad,Villa,20,1,28388000
1817,3,3,Hyderabad,Apartment,22,1,10648000
2140,2,2,Trichy,Independent House,28,2,9085000
2676,4,4,Trichy,Apartment,13,0,11336000
2045,4,3,Bangalore,Apartment,25,2,16025000
2986,3,2,Madurai,Apartment,18,2,11856000
2119,4,4,Chennai,Villa,4,2,25060000
1988,3,3,Chennai,Apartment,22,1,13583000
2456,3,4,Pune,Apartment,30,1,14604000
1965,3,3,Chennai,Independent House,24,3,14281000
1099,3,3,Chennai,Apartment,30,2,6770000
2280,3,2,Madurai,Apartment,17,1,9305000
1110,4,4,Tirunelveli,Independent House,19,1,5030000
816,3,3,Trichy,Apartment,11,1,3445000
1924,1,1,Trichy,Apartment,22,1,6210000
1755,2,2,Coimbatore,Apartment,16,2,8235000
2427,3,3,Chennai,Apartment,12,1,17520000
2410,3,3,Madurai,Apartment,1,1,12213000
3092,3,4,Trichy,Apartment,24,1,11937000
1805,3,3,Madurai,Apartment,12,1,8646000
2814,3,3,Kochi,Apartment,25,2,13321000
690,3,3,Tirunelveli,Independent House,6,2,3184000
1313,2,2,Chennai,Apartment,27,1,6655000
2481,3,2,Coimbatore,Apartment,9,2,13124000
638,3,2,Pune,Independent House,22,1,4395000
772,4,4,Trichy,Villa,5,1,5366000
1252,3,2,Kochi,Apartment,2,1,6406000
1353,1,1,Madurai,Independent House,25,1,4713000
1843,2,2,Hyderabad,Apartment,2,1,10771000
1681,1,1,Salem,Apartment,17,1,4573000
2283,3,3,Chennai,Independent House,10,2,19302000
3123,2,2,Chennai,Apartment,21,1,19754000
1055,3,2,Kochi,Apartment,19,2,5413000
1428,3,3,Madurai,Apartment,4,0,6889000
1494,1,1,Bangalore,Apartment,18,3,9419000
1984,3,4,Chennai,Apartment,21,2,13072000
2558,2,1,Bangalore,Independent House,26,0,18860000
3034,3,3,Hyderabad,Apartment,27,2,15721000
2596,2,2,Kochi,Independent House,18,1,13042000
2995,4,3,Madurai,Villa,29,2,16417000
789,2,2,Madurai,Independent House,14,1,3428000
1104,5,5,Tirunelveli,Villa,29,1,5449000
1814,3,3,Salem,Villa,15,2,9140000
2131,4,5,Trichy,Apartment,23,1,9568000
1423,3,4,Trichy,Apartment,8,0,6171000
1528,3,3,Pune,Apartment,3,2,10445000
1533,4,3,Coimbatore,Independent House,14,1,10932000
1740,3,2,Kochi,Independent House,24,1,8801000
733,3,2,Hyderabad,Apartment,11,0,4504000
2705,3,3,Madurai,Apartment,22,1,9846000
1284,3,2,Salem,Apartment,2,3,5698000
3319,1,1,Bangalore,Villa,22,1,25331000
2820,2,3,Kochi,Apartment,13,1,12966000
2452,3,3,Pune,Independent House,16,2,20704000
1414,3,2,Kochi,Independent House,18,2,8753000
1772,4,4,Pune,Apartment,5,1,14437000
679,3,2,Madurai,Apartment,3,1,3328000
802,5,5,Coimbatore,Apartment,6,3,5609000
3411,2,2,Pune,Apartment,29,2,17871000
1852,2,2,Madurai,Apartment,18,1,6472000
2299,2,2,Madurai,Apartment,16,0,7913000
1850,3,3,Coimbatore,Independent House,24,1,11766000
2282,4,3,Trichy,Apartment,15,1,10029000
2155,2,3,Kochi,Apartment,14,1,9962000
2694,4,3,Chennai,Independent House,21,2,21923000
1856,3,4,Chennai,Independent House,7,0,17427000
2149,3,2,Bangalore,Apartment,18,2,13831000
1766,3,3,Bangalore,Villa,7,1,17510000
1996,2,2,Chennai,Apartment,17,2,11216000
3303,3,3,Hyderabad,Independent House,27,2,22049000
1070,3,3,Chennai,Villa,15,0,10166000
1635,1,2,Bangalore,Villa,19,1,11922000
1953,3,4,Salem,Apartment,18,1,7751000
3383,1,2,Bangalore,Independent House,9,2,24877000
3431,3,3,Hyderabad,Apartment,16,2,22030000
1567,3,4,Kochi,Apartment,30,1,7738000
957,3,3,Chennai,Apartment,12,1,7198000
1267,3,3,Coimbatore,Apartment,12,1,7412000
972,1,1,Salem,Apartment,6,2,3654000
1631,3,4,Madurai,Independent House,26,1,7771000
1745,2,3,Hyderabad,Independent House,9,1,13298000
1971,2,1,Bangalore,Apartment,1,1,15229000
3323,4,5,Coimbatore,Apartment,3,0,21170000
689,1,1,Pune,Apartment,24,2,3318000
3345,3,3,Trichy,Apartment,5,0,15671000
1139,3,3,Chennai,Apartment,23,1,7773000
3379,2,1,Trichy,Independent House,17,1,12840000
1468,2,2,Hyderabad,Apartment,22,1,7632000
640,2,1,Pune,Apartment,5,1,4220000
1339,4,5,Pune,Apartment,28,3,9181000
2546,3,3,Pune,Independent House,29,2,17903000
3149,2,2,Madurai,Villa,24,1,15497000
1824,3,2,Hyderabad,Independent House,22,1,12625000
1528,3,3,Kochi,Independent House,16,2,9328000
2636,2,2,Trichy,Apartment,13,1,10077000
3108,3,3,Kochi,Apartment,23,1,15006000
3379,3,4,Coimbatore,Villa,10,2,26530000
3399,4,5,Tirunelveli,Apartment,25,2,11286000
1524,2,2,Salem,Villa,30,3,6195000
2181,2,2,Salem,Apartment,18,3,8152000
989,2,1,Kochi,Apartment,29,2,3640000
2217,3,4,Tirunelveli,Apartment,1,0,7907000
855,2,2,Tirunelveli,Villa,27,1,3086000
1308,3,3,Chennai,Independent House,2,1,13084000
2438,4,4,Coimbatore,Apartment,10,1,13759000
2544,3,3,Hyderabad,Apartment,5,1,16476000
3097,3,3,Tirunelveli,Apartment,28,1,8125000
609,4,4,Bangalore,Apartment,13,1,5440000
3471,3,4,Salem,Apartment,18,1,12390000
1397,3,3,Bangalore,Apartment,25,0,9179000
1476,1,1,Coimbatore,Apartment,15,1,6082000
1628,5,5,Tirunelveli,Apartment,20,1,6679000
1615,2,2,Trichy,Apartment,21,2,5574000
2424,2,2,Salem,Apartment,23,1,7030000
973,1,1,Chennai,Apartment,6,1,5884000
2793,3,2,Chennai,Apartment,29,2,18046000
823,2,1,Pune,Apartment,26,1,4308000
1862,2,2,Madurai,Villa,7,0,11060000
2824,1,1,Tirunelveli,Apartment,18,1,7545000
2402,2,3,Coimbatore,Apartment,19,1,10225000
1452,3,3,Salem,Apartment,15,3,6001000
662,3,3,Madurai,Villa,21,1,3532000
1840,2,2,Coimbatore,Independent House,26,2,9594000
3474,3,3,Kochi,Independent House,6,0,21244000
3442,3,3,Tirunelveli,Villa,8,1,15498000
1288,1,1,Hyderabad,Apartment,12,1,7109000
2084,2,1,Hyderabad,Villa,0,1,16031000
2233,5,4,Tirunelveli,Villa,28,1,10948000
2752,3,4,Pune,Apartment,30,1,14425000
1110,2,3,Pune,Apartment,7,1,6642000
984,3,2,Hyderabad,Apartment,23,1,5965000
1004,2,2,Trichy,Independent House,21,1,4268000
3470,3,3,Salem,Apartment,3,2,15242000
1117,2,3,Hyderabad,Villa,2,1,9226000
1075,2,2,Trichy,Apartment,26,1,3582000
2600,2,1,Madurai,Apartment,2,0,10934000
3356,4,5,Trichy,Apartment,21,1,14814000
2268,3,4,Madurai,Apartment,12,2,10349000
2493,2,1,Coimbatore,Independent House,7,1,15706000
3418,2,1,Bangalore,Villa,6,2,33053000
2060,3,3,Coimbatore,Apartment,26,1,10538000
3324,2,2,Hyderabad,Independent House,0,2,26389000
1313,2,2,Madurai,Apartment,26,0,4628000
682,5,4,Hyderabad,Independent House,15,2,5717000
1768,2,2,Tirunelveli,Apartment,5,1,5507000
3104,3,4,Salem,Apartment,6,1,13936000
2501,5,6,Chennai,Apartment,11,1,21299000
2648,2,1,Hyderabad,Apartment,22,1,12223000
650,1,1,Salem,Apartment,8,3,2372000
1284,2,2,Trichy,Villa,26,1,5326000
1316,4,3,Coimbatore,Independent House,10,1,10094000
2069,4,3,Trichy,Independent House,9,1,12034000
1048,4,5,Chennai,Apartment,20,1,8037000
1480,2,1,Madurai,Apartment,0,1,5645000
1087,4,3,Tirunelveli,Apartment,17,2,4133000
2423,4,3,Salem,Apartment,30,1,8645000
2681,3,4,Tirunelveli,Villa,3,3,15063000
2742,4,4,Bangalore,Apartment,4,1,25127000
2174,4,4,Hyderabad,Apartment,8,1,15399000
2801,3,2,Madurai,Apartment,26,2,10522000
849,3,4,Bangalore,Independent House,30,1,7546000
1273,2,2,Kochi,Apartment,16,1,5924000
1037,2,2,Hyderabad,Apartment,2,1,6752000
2765,3,3,Trichy,Apartment,15,1,10478000
1370,2,3,Coimbatore,Apartment,4,1,7751000
867,4,5,Salem,Apartment,15,2,4161000
2584,5,4,Chennai,Apartment,2,1,22780000
1677,4,4,Chennai,Independent House,19,1,14914000
835,1,1,Trichy,Apartment,14,2,2790000
988,2,2,Pune,Villa,29,3,6765000
1362,2,3,Chennai,Independent House,2,1,10734000
2448,3,4,Salem,Independent House,19,1,10514000
3048,4,5,Trichy,Apartment,13,1,14285000
1223,4,4,Madurai,Apartment,30,3,4815000
3414,3,4,Chennai,Villa,15,2,31792000
1852,4,3,Tirunelveli,Villa,28,1,8305000
3500,4,5,Trichy,Apartment,28,1,14319000
1177,2,2,Salem,Villa,30,1,4779000
2722,4,4,Tirunelveli,Apartment,30,2,8470000
1034,2,2,Hyderabad,Apartment,16,1,5989000
2750,2,3,Hyderabad,Apartment,27,2,13426000
1363,3,2,Chennai,Apartment,23,3,9423000
3385,2,2,Tirunelveli,Apartment,19,0,8614000
3453,3,4,Coimbatore,Villa,22,1,24277000
1929,3,2,Hyderabad,Apartment,17,1,11038000
2745,3,3,Coimbatore,Apartment,17,1,14793000
3445,2,2,Madurai,Apartment,21,0,12303000
1958,3,3,Trichy,Apartment,13,0,7785000
3082,3,3,Bangalore,Apartment,17,2,21169000
1046,3,3,Salem,Villa,14,2,5719000
2617,3,2,Trichy,Independent House,14,1,13355000
1931,1,1,Salem,Independent House,5,1,7979000
848,3,3,Tirunelveli,Villa,26,1,3147000
765,2,3,Madurai,Apartment,14,2,3221000
1958,3,3,Kochi,Apartment,17,2,10605000
1619,4,4,Chennai,Apartment,3,1,13874000
1141,3,3,Salem,Apartment,22,1,4232000
1358,3,2,Salem,Independent House,7,0,6744000
2728,5,4,Tirunelveli,Apartment,14,0,11169000
2780,4,4,Coimbatore,Apartment,2,1,17965000
1396,4,4,Trichy,Independent House,29,2,6598000
737,4,4,Kochi,Independent House,14,2,5003000
2831,2,1,Pune,Independent House,12,1,20159000
1953,2,2,Chennai,Apartment,8,2,12538000
3432,3,4,Bangalore,Apartment,1,3,28565000
2475,2,1,Pune,Apartment,23,1,12386000
668,3,3,Trichy,Apartment,7,1,2783000
3193,2,2,Chennai,Apartment,28,3,18489000
2700,3,3,Salem,Apartment,29,1,9065000
2073,3,3,Bangalore,Independent House,19,3,18107000
804,3,4,Coimbatore,Apartment,16,3,4616000
2773,3,3,Kochi,Villa,12,2,20826000
642,4,4,Coimbatore,Villa,0,2,5383000
2506,3,3,Madurai,Apartment,1,2,12786000
2758,4,3,Tirunelveli,Villa,29,2,12373000
1360,1,1,Chennai,Apartment,14,1,7508000
3495,5,5,Coimbatore,Apartment,11,0,22989000
2742,3,3,Pune,Villa,13,1,26455000
2594,2,2,Tirunelveli,Apartment,24,2,6703000
2535,2,2,Coimbatore,Independent House,28,1,12594000
1499,3,4,Hyderabad,Apartment,1,0,10726000
959,2,2,Madurai,Villa,17,1,4667000
2319,2,3,Trichy,Apartment,21,2,8857000
880,3,3,Kochi,Apartment,6,3,5552000
2487,3,3,Madurai,Apartment,28,3,10180000
1266,3,2,Tirunelveli,Villa,22,1,4783000
692,4,3,Hyderabad,Independent House,30,2,4617000
1271,3,3,Chennai,Independent House,28,2,9781000
2569,3,3,Pune,Apartment,24,1,13910000
660,1,1,Kochi,Independent House,5,1,3616000
3281,3,2,Kochi,Villa,13,1,21712000
1628,2,3,Madurai,Villa,7,3,9933000
2089,5,5,Tirunelveli,Apartment,26,1,7597000
1203,4,5,Chennai,Villa,21,1,12067000
1281,3,4,Salem,Independent House,1,2,6519000
3181,2,1,Hyderabad,Apartment,16,1,16140000
2028,4,3,Salem,Independent House,4,1,10803000
3485,4,3,Pune,Villa,13,1,34034000
3292,2,2,Chennai,Apartment,24,0,19660000
2880,2,3,Chennai,Apartment,23,2,18339000
1123,4,4,Hyderabad,Apartment,29,1,7480000
2993,2,2,Bangalore,Apartment,28,1,16817000
3193,4,4,Salem,Independent House,19,1,13950000
2568,3,3,Coimbatore,Apartment,20,1,12438000
1701,1,2,Kochi,Independent House,28,1,7798000
2353,4,3,Bangalore,Independent House,20,2,21378000
2436,2,3,Coimbatore,Apartment,21,2,12088000
3441,3,3,Tirunelveli,Independent House,2,2,15239000
2896,2,2,Hyderabad,Independent House,4,2,23158000
2694,1,1,Tirunelveli,Villa,15,1,10137000
1744,3,3,Kochi,Independent House,17,1,9391000
2861,3,3,Trichy,Independent House,25,3,12643000
2886,3,3,Coimbatore,Villa,16,1,20568000
1679,4,4,Bangalore,Apartment,10,1,13807000
2997,3,3,Coimbatore,Independent House,16,1,18245000
706,2,1,Coimbatore,Villa,15,1,4533000
3478,2,2,Hyderabad,Villa,25,1,22335000
647,4,4,Tirunelveli,Apartment,22,3,2652000
936,4,4,Salem,Independent House,1,1,5542000
1649,3,2,Trichy,Apartment,3,1,6521000
3451,2,2,Hyderabad,Independent House,20,3,22180000
1880,2,2,Pune,Apartment,6,3,11511000
2655,3,2,Hyderabad,Apartment,1,1,18732000
1224,4,4,Kochi,Apartment,29,1,5607000
2490,3,3,Trichy,Apartment,5,2,11873000
1876,4,5,Chennai,Villa,16,2,19810000
2315,4,4,Pune,Independent House,6,2,20310000
3366,2,3,Madurai,Independent House,24,2,14543000
902,3,2,Hyderabad,Apartment,4,2,6081000
1238,2,1,Coimbatore,Apartment,4,1,6102000
655,2,2,Salem,Independent House,19,2,2847000
1325,4,4,Chennai,Independent House,15,1,12347000
1125,3,4,Hyderabad,Apartment,18,2,6772000
1073,3,3,Hyderabad,Apartment,8,1,6556000
627,2,2,Bangalore,Apartment,4,0,4761000
2725,2,2,Bangalore,Independent House,7,1,23580000
964,2,2,Chennai,Villa,8,1,8432000
3313,2,2,Tirunelveli,Apartment,4,1,11225000
1125,3,3,Bangalore,Apartment,9,1,8720000
3346,2,2,Coimbatore,Independent House,24,1,18200000
1935,3,3,Pune,Apartment,1,2,13720000
1482,1,1,Madurai,Apartment,8,0,4745000
1630,2,1,Trichy,Villa,10,2,8773000
1626,2,3,Madurai,Apartment,3,2,7160000
2246,3,3,Madurai,Apartment,21,2,9733000
1518,3,3,Trichy,Independent House,21,1,6633000
3397,3,3,Bangalore,Independent House,21,3,29786000
3010,3,2,Chennai,Independent House,1,1,29272000
2374,3,3,Trichy,Independent House,22,0,9552000
2131,1,1,Kochi,Villa,28,1,10632000
3453,2,3,Tirunelveli,Independent House,5,0,13637000
3386,4,4,Pune,Apartment,26,3,22539000
2506,3,4,Salem,Villa,13,1,13398000
1815,2,2,Bangalore,Independent House,0,2,17881000
2254,4,4,Tirunelveli,Apartment,17,2,7404000
1084,4,4,Trichy,Apartment,6,1,5017000
2675,2,3,Kochi,Apartment,0,1,15117000
1313,3,3,Salem,Apartment,30,0,4403000
1662,3,3,Pune,Apartment,0,1,11068000
2576,3,3,Pune,Independent House,0,0,22580000
1896,2,2,Bangalore,Independent House,23,3,14459000
1854,2,2,Trichy,Apartment,3,3,7536000
2733,3,3,Tirunelveli,Apartment,3,1,9460000
725,3,3,Chennai,Apartment,28,1,4727000
3459,4,4,Tirunelveli,Independent House,17,2,13891000
1136,3,3,Tirunelveli,Apartment,26,1,3630000
2792,1,2,Pune,Apartment,10,2,16610000
2672,3,4,Chennai,Apartment,26,1,17040000
2203,2,2,Chennai,Apartment,0,1,14897000
666,3,4,Bangalore,Apartment,27,2,4633000
832,3,3,Salem,Independent House,9,1,4027000
2756,2,3,Hyderabad,Villa,8,3,24100000
1769,3,4,Madurai,Villa,22,3,9865000
2758,2,2,Madurai,Apartment,3,1,11845000
2875,1,1,Pune,Villa,27,0,16996000
710,2,3,Hyderabad,Villa,5,3,6180000
2093,2,2,Salem,Apartment,29,3,5862000
2681,5,5,Hyderabad,Villa,15,0,24387000
1222,3,3,Bangalore,Apartment,1,2,9911000
3395,2,2,Tirunelveli,Independent House,22,1,10853000
3242,3,2,Pune,Apartment,17,1,21206000
3072,1,1,Chennai,Independent House,9,2,22649000
3260,5,6,Pune,Apartment,23,1,23223000
2141,3,4,Madurai,Independent House,23,3,10235000
3339,4,4,Salem,Villa,16,1,17423000
1905,2,2,Hyderabad,Independent House,12,1,12646000
2361,3,2,Salem,Apartment,23,1,7950000
2575,3,4,Bangalore,Apartment,17,1,19266000
2962,4,4,Pune,Independent House,21,2,22776000
1476,1,2,Trichy,Apartment,12,1,4686000
2589,2,3,Pune,Apartment,16,1,13909000
1912,5,4,Chennai,Villa,4,1,21629000
2060,3,2,Pune,Apartment,10,0,13851000
3309,2,3,Kochi,Apartment,6,2,15826000
2924,2,2,Bangalore,Apartment,28,1,17060000
2333,5,6,Coimbatore,Apartment,9,1,16356000
2205,1,2,Bangalore,Independent House,16,1,17314000
2126,3,3,Hyderabad,Villa,14,1,19390000
3271,4,4,Coimbatore,Independent House,17,1,23320000
3163,2,2,Hyderabad,Independent House,22,1,17866000
3490,3,3,Hyderabad,Apartment,21,1,20783000
2997,1,1,Chennai,Apartment,18,2,17026000
2230,2,3,Chennai,Apartment,29,2,11535000
3470,4,4,Tirunelveli,Apartment,25,1,11450000
1760,4,4,Madurai,Independent House,1,0,11831000
1358,3,2,Tirunelveli,Apartment,25,1,3943000
842,3,4,Tirunelveli,Apartment,3,1,2926000
3190,2,2,Madurai,Apartment,2,1,12171000
1663,1,2,Trichy,Villa,6,1,7882000
828,2,2,Coimbatore,Villa,23,1,4598000
3195,2,2,Salem,Apartment,17,1,10847000
1519,2,2,Tirunelveli,Independent House,9,0,5727000
1846,2,2,Pune,Apartment,6,0,10687000
605,2,1,Pune,Apartment,7,1,4002000
1067,2,2,Hyderabad,Independent House,5,1,7741000
2355,3,4,Madurai,Apartment,21,1,9109000
674,4,4,Hyderabad,Independent House,25,1,5438000
603,2,3,Kochi,Independent House,0,1,4140000
2470,4,4,Kochi,Villa,3,1,20894000
1245,4,4,Salem,Independent House,13,1,6825000
717,2,2,Chennai,Apartment,16,1,4741000
2229,4,4,Chennai,Independent House,19,0,21193000
3151,3,4,Madurai,Apartment,17,1,13392000
2621,3,2,Madurai,Villa,10,2,15997000
1546,2,2,Tirunelveli,Independent House,28,1,5311000
3221,3,3,Kochi,Independent House,20,1,19157000
2064,2,2,Tirunelveli,Independent House,25,2,6220000
793,3,2,Chennai,Apartment,13,1,5542000
1446,3,3,Coimbatore,Independent House,8,1,9869000
3362,3,3,Coimbatore,Villa,26,2,20040000
2015,3,4,Madurai,Independent House,14,2,11893000
2058,3,4,Hyderabad,Villa,11,1,17318000
2820,2,2,Chennai,Apartment,9,1,17278000
2268,2,3,Coimbatore,Apartment,18,1,11643000
2973,4,3,Chennai,Villa,23,0,27319000
2033,2,3,Bangalore,Independent House,18,1,15003000
1741,1,1,Pune,Apartment,5,0,9748000
3483,2,2,Kochi,Villa,19,1,20496000
2410,2,2,Tirunelveli,Apartment,23,3,6245000
1323,5,6,Chennai,Independent House,26,3,13979000
824,3,3,Pune,Apartment,5,1,5961000
1131,4,4,Bangalore,Apartment,7,1,10200000
712,3,4,Tirunelveli,Apartment,0,1,2846000
2787,3,3,Chennai,Apartment,21,2,18889000
1158,2,3,Madurai,Apartment,16,1,4396000
2648,3,3,Pune,Apartment,16,0,16095000
2737,2,2,Tirunelveli,Apartment,23,1,7425000
1253,4,5,Chennai,Independent House,14,1,12856000
919,4,3,Pune,Independent House,6,1,7588000
2173,2,2,Bangalore,Apartment,18,2,14545000
2428,5,4,Chennai,Independent House,21,2,24092000
2517,4,4,Chennai,Apartment,30,1,15605000
738,3,3,Chennai,Villa,24,1,5835000
3492,2,1,Salem,Villa,22,0,13460000
2626,3,3,Madurai,Apartment,27,2,10278000
2906,3,3,Bangalore,Apartment,2,3,22700000
1501,2,2,Tirunelveli,Apartment,29,3,4134000
1289,1,1,Salem,Apartment,29,2,3604000
2639,4,4,Hyderabad,Villa,28,1,22002000
609,2,2,Salem,Apartment,21,0,1814000
860,3,3,Kochi,Apartment,10,1,4489000
2542,4,4,Kochi,Apartment,19,3,14584000
2273,4,4,Chennai,Apartment,29,1,16653000
2819,2,1,Salem,Apartment,28,0,8445000
